job_id	dandiset_id	within_dandiset_path	pipeline	version	params	config	codebase	content_id	asset_size_bytes	status	created_at	job_submission_time	job_completion_time	queue_wait_seconds	run_duration_seconds	process_wall_time_seconds
job-26092866ae40	000114	sub-V118/sub-V118_ses-03192018_ecephys.nwb	lfp	v0.9.7	2f6768c		v0.9.7	e71096a3-999c-45de-852e-365a92709f27	30621801968	stalled	2026-09-28T01:32:50.958443-04:00	2026-09-28T01:41:03.894637-04:00		493		
job-260927c3c548	000363	sub-484672/sub-484672_ses-20210323T121231_behavior+ecephys+ogen.nwb	lfp	v0.9.6	2f6768c		v0.9.6	76928335-4726-47ed-a740-f6a6c1bb88fd	316275801330	stalled	2026-09-27T12:59:51.763543-04:00	2026-09-27T13:02:49.378359-04:00		178		
job-26070830b5ff	000397	sub-Pt01/sub-Pt01_ecephys.nwb	aind+ephys	v1.2.4	1cbdbee	7940dfd	v0.3.49	c4e36f4d-132d-4153-ab18-41b46fc0ccab	9005377211	successful	2026-09-17T11:52:06.988488-04:00	2026-09-17T11:52:07.195344-04:00	2026-09-17T11:52:10.675168-04:00	0	3	45218
job-26072730b5ff	000397	sub-Pt01/sub-Pt01_ecephys.nwb	aind+ephys	v1.2.4	1cbdbee	7940dfd	v0.3.49	c4e36f4d-132d-4153-ab18-41b46fc0ccab	9005377211	successful	2026-09-17T11:52:11.536005-04:00	2026-09-17T11:52:11.575649-04:00	2026-09-17T11:52:16.196100-04:00	0	5	15475
job-2609107d20a7	000397	sub-Pt01/sub-Pt01_ecephys.nwb	aind+ephys	v1.2.4	4e89ec7	7940dfd	v0.3.50	c4e36f4d-132d-4153-ab18-41b46fc0ccab	9005377211	successful	2026-09-16T12:37:25.816266-04:00	2026-09-16T12:37:26.013133-04:00	2026-09-16T12:37:28.232542-04:00	0	2	1712
job-260910d9f87e	000397	sub-Pt01/sub-Pt01_ecephys.nwb	aind+ephys	v1.3.2	4e89ec7	7940dfd	v0.3.54	c4e36f4d-132d-4153-ab18-41b46fc0ccab	9005377211	successful	2026-09-16T12:37:28.691768-04:00	2026-09-16T12:37:28.969255-04:00	2026-09-16T12:37:30.356084-04:00	0	1	2859
job-260928e344f1	000397	sub-Pt01/sub-Pt01_ecephys.nwb	lfp	v0.9.7	2f6768c		v0.9.7	c4e36f4d-132d-4153-ab18-41b46fc0ccab	9005377211	stalled	2026-09-27T22:54:03.663816-04:00	2026-09-27T23:01:30.221219-04:00		447		
job-260910bff85b	000397	sub-Pt02/sub-Pt02_ecephys.nwb	aind+ephys	v1.2.2	1cbdbee	7940dfd	v0.3.28	e8679ad5-884e-4e4c-b5c6-9ce9249c3b78	8777850186	successful	2026-09-16T12:37:34.697579-04:00	2026-09-16T12:37:34.697579-04:00	2026-09-16T12:37:38.480623-04:00	0	4	2719
job-260910ea5417	000397	sub-Pt02/sub-Pt02_ecephys.nwb	aind+ephys	v1.2.4	1cbdbee	7940dfd	v0.3.49	e8679ad5-884e-4e4c-b5c6-9ce9249c3b78	8777850186	successful	2026-09-16T12:37:39.126389-04:00	2026-09-16T12:37:39.344361-04:00	2026-09-16T12:37:42.423829-04:00	0	3	16331
job-260612eac7ed	000397	sub-Pt03/sub-Pt03_ecephys.nwb	aind+ephys	v1.2.2	1cbdbee	7940dfd	v0.3.34	a05ac4e6-030f-49b7-ac62-e1aa74e54dcb	6288055712	successful	2026-09-17T12:00:00.398847-04:00	2026-09-17T12:00:00.406055-04:00	2026-09-17T12:00:09.454946-04:00	0	9	2833
job-260613eac7ed	000397	sub-Pt03/sub-Pt03_ecephys.nwb	aind+ephys	v1.2.2	1cbdbee	7940dfd	v0.3.34	a05ac4e6-030f-49b7-ac62-e1aa74e54dcb	6288055712	successful	2026-09-17T12:00:11.264403-04:00	2026-09-17T12:00:11.274611-04:00	2026-09-17T12:00:22.208162-04:00	0	11	4984
job-260613eac7ed-2	000397	sub-Pt03/sub-Pt03_ecephys.nwb	aind+ephys	v1.2.2	1cbdbee	7940dfd	v0.3.34	a05ac4e6-030f-49b7-ac62-e1aa74e54dcb	6288055712	successful	2026-09-17T12:00:24.927587-04:00	2026-09-17T12:00:25.487588-04:00	2026-09-17T12:00:47.101671-04:00	1	22	2335
job-2607111ae12e	000397	sub-Pt03/sub-Pt03_ecephys.nwb	aind+ephys	v1.2.4	1cbdbee	7940dfd	v0.3.49	a05ac4e6-030f-49b7-ac62-e1aa74e54dcb	6288055712	successful	2026-09-17T12:00:49.802087-04:00	2026-09-17T12:00:50.281360-04:00	2026-09-17T12:01:03.690810-04:00	0	13	2179
job-2607211ae12e	000397	sub-Pt03/sub-Pt03_ecephys.nwb	aind+ephys	v1.2.4	1cbdbee	7940dfd	v0.3.49	a05ac4e6-030f-49b7-ac62-e1aa74e54dcb	6288055712	successful	2026-09-17T12:01:05.312063-04:00	2026-09-17T12:01:05.489873-04:00	2026-09-17T12:01:14.658982-04:00	0	9	18489
job-260910eac7ed	000397	sub-Pt03/sub-Pt03_ecephys.nwb	aind+ephys	v1.2.2	1cbdbee	7940dfd	v0.3.28	a05ac4e6-030f-49b7-ac62-e1aa74e54dcb	6288055712	successful	2026-09-17T12:01:16.153501-04:00	2026-09-17T12:01:16.394735-04:00	2026-09-17T12:01:23.453649-04:00	0	7	2209
job-2606235831f8	000409	sub-KS051/sub-KS051_ses-7082d8ff-255a-47d7-a839-bf093483ec30_desc-raw_ecephys.nwb	aind+ephys	v1.2.4	1cbdbee	7940dfd	v0.3.43	03889d5a-cb7b-4075-9e29-76998f7b4415	107193832396	successful	2026-09-17T12:01:58.730288-04:00	2026-09-17T12:01:58.730288-04:00	2026-09-17T12:02:05.335284-04:00	0	7	71799
job-2606245831f8	000409	sub-KS051/sub-KS051_ses-7082d8ff-255a-47d7-a839-bf093483ec30_desc-raw_ecephys.nwb	aind+ephys	v1.2.4	1cbdbee	7940dfd	v0.3.46	03889d5a-cb7b-4075-9e29-76998f7b4415	107193832396	successful	2026-09-17T12:02:07.277213-04:00	2026-09-17T12:02:07.343490-04:00	2026-09-17T12:02:13.880830-04:00	0	7	55941
job-260927dc45d6	000409	sub-KS055/sub-KS055_ses-872ce8ff-9fb3-485c-be00-bc5479e0095b_desc-raw_ecephys.nwb	aind+ephys	1.3.3	440c8c2	ccc54dc	v0.9.7	1521914e-c9be-4abe-b8e4-74342bb01efb	101308507489	successful	2026-09-27T15:49:33.102839-04:00	2026-09-27T16:01:33.946544-04:00	2026-09-28T02:57:46.377438-04:00	721	39372	60002
job-2610016c8413	000409	sub-KS055/sub-KS055_ses-872ce8ff-9fb3-485c-be00-bc5479e0095b_desc-raw_ecephys.nwb	aind+ephys	1.3.3	440c8c2	7092ab8	v0.9.8	1521914e-c9be-4abe-b8e4-74342bb01efb	101308507489	stalled	2026-09-30T22:55:11.752099-04:00	2026-10-01T05:18:06.025195-04:00		22974		
job-260910fe2097	000409	sub-PL017/sub-PL017_ses-cea755db-4eee-4138-bdd6-fc23a572f5a1_desc-raw_ecephys.nwb	aind+ephys	v1.3.2	4e89ec7	7940dfd	v0.3.54	198fa6ce-680c-425b-b095-ab4e201f5a0f	65797088700	successful	2026-09-16T12:38:23.112579-04:00	2026-09-16T12:38:23.598802-04:00	2026-09-16T12:38:28.796835-04:00	0	5	2602
job-260928a85a24	000409	sub-PL017/sub-PL017_ses-cea755db-4eee-4138-bdd6-fc23a572f5a1_desc-raw_ecephys.nwb	lfp	v0.9.7	2f6768c		v0.9.7	198fa6ce-680c-425b-b095-ab4e201f5a0f	65797088700	stalled	2026-09-28T00:00:48.144879-04:00	2026-09-28T00:04:20.763857-04:00		213		
job-260623526813	000409	sub-SWC-038/sub-SWC-038_ses-4d8c7767-981c-4347-8e5e-5d5fffe38534_desc-raw_ecephys.nwb	aind+ephys	v1.2.4	1cbdbee	7940dfd	v0.3.43	adda8fdf-94cb-49bd-928c-2d1253c68556	142973964396	successful	2026-09-17T12:03:43.304130-04:00	2026-09-17T12:03:43.449611-04:00	2026-09-17T12:03:52.686468-04:00	0	9	82234
job-260624526813	000409	sub-SWC-038/sub-SWC-038_ses-4d8c7767-981c-4347-8e5e-5d5fffe38534_desc-raw_ecephys.nwb	aind+ephys	v1.2.4	1cbdbee	7940dfd	v0.3.43	adda8fdf-94cb-49bd-928c-2d1253c68556	142973964396	successful	2026-09-17T12:03:53.669333-04:00	2026-09-17T12:03:54.044475-04:00	2026-09-17T12:04:07.611167-04:00	0	14	42344
job-26091041a834	000409	sub-ZM-1897/sub-ZM-1897_ses-dd4da095-4a99-4bf3-9727-f735077dba66_desc-raw_ecephys.nwb	aind+ephys	v1.2.4	1cbdbee	7940dfd	v0.3.49	40b87b04-182b-46a3-b370-b94512bf84d0	67274211954	successful	2026-09-16T12:38:48.460759-04:00	2026-09-16T12:38:49.005679-04:00	2026-09-16T12:38:55.783690-04:00	1	7	73710
job-260928095602	000411	sub-001/sub-001_ecephys.nwb	lfp	v0.9.7	2f6768c		v0.9.7	080677c9-0e9e-4085-afd6-e5e0379510b9	232080	stalled	2026-09-28T01:32:46.641182-04:00	2026-09-28T01:41:03.894789-04:00		497		
job-260927b63a95	000552	sub-e15-13f1/sub-e15-13f1_ses-e15-13f1-220120-raw_ecephys.nwb	lfp	v0.9.7	2f6768c		v0.9.7	67d895f3-ade8-443c-8a45-1d0bad483f5f	166191418883	stalled	2026-09-27T15:50:09.785300-04:00	2026-09-27T16:01:21.983882-04:00		672		
job-2609107a557c	000620	sub-Elgar/sub-Elgar_ses-2022-09-02_ecephys.nwb	aind+ephys	v1.2.2	1cbdbee	7940dfd	v0.3.34	4fa5d2eb-95dd-478f-a3fa-bdb4c02d4d80	80490090900	successful	2026-09-16T12:38:56.868711-04:00	2026-09-16T12:38:56.911943-04:00	2026-09-16T12:39:03.607139-04:00	0	7	15840
job-260910a12b92	000620	sub-Elgar/sub-Elgar_ses-2022-09-07_ecephys.nwb	aind+ephys	v1.3.2	4e89ec7	7940dfd	v0.3.54	79aeaabe-6b6c-4116-9f5c-4c345c757d65	207709696524	successful	2026-09-16T12:39:04.886147-04:00	2026-09-16T12:39:05.077341-04:00	2026-09-16T12:39:09.227927-04:00	0	4	13754
job-2609280576cc	000620	sub-Elgar/sub-Elgar_ses-2022-09-07_ecephys.nwb	aind+ephys	1.3.3	440c8c2	ccc54dc	v0.9.7	79aeaabe-6b6c-4116-9f5c-4c345c757d65	207709696524	failed	2026-09-28T00:00:06.730884-04:00	2026-09-28T06:01:57.657416-04:00	2026-09-28T17:19:25.459677-04:00	21711	40648	49162
job-260929b7036b	000620	sub-Elgar/sub-Elgar_ses-2022-09-07_ecephys.nwb	aind+ephys	1.3.3	440c8c2	7092ab8	v0.9.8	79aeaabe-6b6c-4116-9f5c-4c345c757d65	207709696524	failed	2026-09-28T23:07:20.013891-04:00	2026-09-28T23:16:38.953385-04:00	2026-09-29T18:13:15.705799-04:00	559	68197	58264
job-2609270ce5c5	000620	sub-Elgar/sub-Elgar_ses-2022-09-09_ecephys.nwb	aind+ephys	1.3.3	440c8c2	ccc54dc	v0.9.7	10de1718-c4af-41ca-b16f-f4ed2e60968b	125638103862	failed	2026-09-27T15:49:36.355960-04:00	2026-09-27T16:01:33.958618-04:00	2026-09-28T04:01:26.472707-04:00	718	43193	37113
job-2609286feca1	000620	sub-Elgar/sub-Elgar_ses-2022-09-13_ecephys.nwb	aind+ephys	1.3.3	440c8c2	ccc54dc	v0.9.7	28401a4e-732a-4ee2-ba46-ba17148145c5	29536081763	successful	2026-09-27T22:53:30.691190-04:00	2026-09-28T06:02:01.070821-04:00	2026-09-28T08:34:26.961847-04:00	25710	9146	9548
job-2609306d4728	000620	sub-Elgar/sub-Elgar_ses-2022-09-13_ecephys.nwb	aind+ephys	1.3.3	440c8c2	7092ab8	v0.9.8	28401a4e-732a-4ee2-ba46-ba17148145c5	29536081763	successful	2026-09-29T22:48:41.486457-04:00	2026-09-29T23:02:15.400304-04:00	2026-09-30T01:59:03.838350-04:00	814	10608	12479
job-260928bc7898	000696	sub-TR8/sub-TR8_ecephys.nwb	lfp	v0.9.7	2f6768c		v0.9.7	c33afa61-fe92-48aa-919b-dbddf151dd44	688718731273	stalled	2026-09-27T22:53:59.108167-04:00	2026-09-27T23:01:30.300891-04:00		451		
job-260927ce496c	000710	sub-VR33/sub-VR33_ecephys.nwb	lfp	v0.9.7	2f6768c		v0.9.7	d72cb2b8-60d1-4fca-8cf3-ae23401edcbc	467655419047	stalled	2026-09-27T15:50:06.860750-04:00	2026-09-27T16:01:26.285508-04:00		679		
job-260930a2761f	000897	sub-amadeus/sub-amadeus_ses-08212019_ecephys.nwb	aind+ephys	1.3.3	440c8c2	7092ab8	v0.9.8	8a3967f0-d89b-46d7-9870-a679748eef43	16232811627	failed	2026-09-29T22:48:54.362654-04:00	2026-09-29T23:01:41.824505-04:00	2026-09-29T23:15:02.344216-04:00	767	801	1010
job-26092802aff4	000897	sub-mahler/sub-mahler_ses-04142021_ecephys.nwb	aind+ephys	1.3.3	440c8c2	ccc54dc	v0.9.7	9c60bd9b-bb4a-4355-9595-388769e7ee23	33496486594	failed	2026-09-28T01:31:18.932205-04:00	2026-09-28T08:38:05.354714-04:00	2026-09-28T08:38:59.181411-04:00	25606	54	34
job-26092827cbd0	000897	sub-mahler/sub-mahler_ses-04212021_ecephys.nwb	aind+ephys	1.3.3	440c8c2	ccc54dc	v0.9.7	03b5fa08-4dd1-49d6-8b38-539f4c6eea6e	24010780009	failed	2026-09-27T22:53:26.892222-04:00	2026-09-28T08:39:43.090122-04:00	2026-09-28T11:53:55.681173-04:00	35176	11653	22534
job-260930295b00	000939	sub-A3706/sub-A3706_ses-200313_behavior+ecephys.nwb	aind+ephys	1.3.3	440c8c2	7092ab8	v0.9.8	bbfbaaa8-17fb-4473-a589-31c13cb6a143	22601114824	failed	2026-09-29T22:48:37.389399-04:00	2026-09-29T23:15:58.676734-04:00	2026-09-29T23:17:02.950003-04:00	1641	64	34
job-260927b2a39d	000939	sub-A3712/sub-A3712_ses-200903a_behavior+ecephys.nwb	aind+ephys	1.3.3	440c8c2	7299e70	v0.9.6	b6c8dac0-cf7d-46fb-b243-0a2652729f53	23205619741	failed	2026-09-27T12:59:03.801456-04:00	2026-09-27T13:02:58.729491-04:00	2026-09-27T13:42:45.280415-04:00	235	2387	2563
job-260910be837a	000939	sub-A9701/sub-A9701_ses-210805_behavior+ecephys+ogen.nwb	aind+ephys	v1.3.2	4e89ec7	7940dfd	v0.3.54	58f5cc94-4d75-4c9f-9f7a-be643376e978	23072413263	successful	2026-09-16T12:39:10.970387-04:00	2026-09-16T12:39:11.225135-04:00	2026-09-16T12:39:15.668348-04:00	0	4	16805
job-260910d5ec63	000939	sub-A9701/sub-A9701_ses-210805_behavior+ecephys+ogen.nwb	aind+ephys	v1.2.4	4e89ec7	7940dfd	v0.3.50	58f5cc94-4d75-4c9f-9f7a-be643376e978	23072413263	successful	2026-09-16T12:39:17.307788-04:00	2026-09-16T12:39:17.693182-04:00	2026-09-16T12:39:21.720947-04:00	0	4	847
job-260927867208	000957	sub-ZYE-0057/sub-ZYE-0057_ecephys+image.nwb	lfp	v0.9.7	2f6768c		v0.9.7	73adc836-e4bf-456e-90b5-75c31d9b84b8	45994208006	stalled	2026-09-27T15:50:04.048288-04:00	2026-09-27T16:01:57.238190-04:00		713		
job-2609276213e8	000957	sub-ZYE-0057/sub-ZYE-0057_ses-2_ecephys+image.nwb	aind+ephys	1.3.3	440c8c2	7299e70	v0.9.6	16912c78-c7dd-40ce-b135-b5dbadced021	46643155120	failed	2026-09-27T12:59:15.629070-04:00	2026-09-27T13:03:31.271215-04:00	2026-09-27T13:06:06.915163-04:00	256	156	102
job-2609281633a1	001070	sub-Godzilla/sub-Godzilla_ecephys.nwb	lfp	v0.9.7	2f6768c		v0.9.7	fe6cb3b1-4537-481f-993b-24ec21f1d936	165183476	stalled	2026-09-28T00:00:44.688900-04:00	2026-09-28T00:04:20.451460-04:00		216		
job-261001587d28	001073	sub-Godzilla-2-STD/sub-Godzilla-2-STD_ses-LITMUS-Rat-2-STD_ecephys.nwb	lfp	v0.9.8	2f6768c		v0.9.8	7c7c16d2-1ce8-47ac-af54-cf9633ec880d	165256732	stalled	2026-09-30T22:56:10.937683-04:00	2026-10-01T05:17:30.785205-04:00		22880		
job-2609278d4c8a	001073	sub-Godzilla-4-STD/sub-Godzilla-4-STD_ses-LITMUS-Rat-4-STD_ecephys.nwb	lfp	v0.9.7	2f6768c		v0.9.7	b569e25e-b0ab-4933-a0fa-f1933582fa31	165460020	stalled	2026-09-27T15:50:00.600328-04:00	2026-09-27T16:01:56.240857-04:00		716		
job-2609110f34c4	001132	sub-10F-0/sub-10F-0_ses-20240928T165427_ecephys.nwb	aind+ephys	v1.3.2	4e89ec7	7940dfd	v0.3.54	e75ad00e-45b9-479d-ba70-6828482db0b7	3779863088	successful	2026-09-16T12:39:22.978387-04:00	2026-09-16T12:39:23.581109-04:00	2026-09-16T12:39:27.943431-04:00	1	4	3013
job-260911542b36	001132	sub-10F-5/sub-10F-5_ses-20240928T165424_ecephys.nwb	aind+ephys	v1.2.4	1cbdbee	7940dfd	v0.3.39	09e74c10-3a67-46e4-a7ff-17c5a5c11b28	4208889800	successful	2026-09-16T12:39:29.200076-04:00	2026-09-16T12:39:29.768469-04:00	2026-09-16T12:39:41.451109-04:00	1	12	8764
job-2609271ced80	001132	sub-10F-7/sub-10F-7_ses-20240928T165426_ecephys.nwb	aind+ephys	1.3.3	440c8c2	7299e70	v0.9.6	6f364026-ff44-4fad-b27f-92934f5868b9	5039495015	failed	2026-09-27T12:59:08.129509-04:00	2026-09-27T13:06:55.779609-04:00	2026-09-27T13:10:23.770789-04:00	468	208	189
job-260624041e54	001132	sub-10F-8/sub-10F-8_ses-20240928T165425_ecephys.nwb	aind+ephys	v1.2.4	1cbdbee	7940dfd	v0.3.43	fd36e552-b00b-424d-9cfd-bbbb36acefa4	5084470456	successful	2026-09-17T12:06:50.187508-04:00	2026-09-17T12:06:50.352169-04:00	2026-09-17T12:06:54.645718-04:00	0	4	15664
job-260624041e54-2	001132	sub-10F-8/sub-10F-8_ses-20240928T165425_ecephys.nwb	aind+ephys	v1.2.4	1cbdbee	7940dfd	v0.3.43	fd36e552-b00b-424d-9cfd-bbbb36acefa4	5084470456	successful	2026-09-17T12:06:55.856704-04:00	2026-09-17T12:06:55.916573-04:00	2026-09-17T12:06:58.474701-04:00	0	3	16681
job-2609115286d0	001132	sub-2B-2/sub-2B-2_ses-20240928T165424_ecephys.nwb	aind+ephys	v1.2.4	1cbdbee	7940dfd	v0.3.49	ac186c70-cf84-4a06-8767-d1e1876bc44c	2578410028	successful	2026-09-16T12:40:43.372447-04:00	2026-09-16T12:40:43.930003-04:00	2026-09-16T12:40:57.566629-04:00	1	14	4357
job-26062196744b	001132	sub-4C-5/sub-4C-5_ses-20240928T192016_ecephys.nwb	aind+ephys	v1.2.4	1cbdbee	7940dfd	v0.3.39	45a212d1-020b-453b-927b-3fd079a029ce	2259636487	successful	2026-09-17T12:07:28.458826-04:00	2026-09-17T12:07:28.446364-04:00	2026-09-17T12:07:35.237349-04:00	0	7	3174
job-26062196744b-2	001132	sub-4C-5/sub-4C-5_ses-20240928T192016_ecephys.nwb	aind+ephys	v1.2.4	1cbdbee	7940dfd	v0.3.39	45a212d1-020b-453b-927b-3fd079a029ce	2259636487	successful	2026-09-17T12:07:37.459535-04:00	2026-09-17T12:07:37.500905-04:00	2026-09-17T12:07:51.383771-04:00	0	14	3080
job-260911d8e1e3	001132	sub-5C-4/sub-5C-4_ses-20240928T165050_ecephys.nwb	aind+ephys	v1.2.4	1cbdbee	7940dfd	v0.3.46	a06c9622-04ee-43ce-855e-3f0f10c90690	4378846046	successful	2026-09-16T12:41:35.146518-04:00	2026-09-16T12:41:35.699707-04:00	2026-09-16T12:41:52.592625-04:00	1	17	12560
job-2606219337aa	001132	sub-7D-0/sub-7D-0_ses-20240928T165425_ecephys.nwb	aind+ephys	v1.2.4	1cbdbee	7940dfd	v0.3.39	8dc65720-245a-4cdb-83e7-c9dad8febf97	3638298341	successful	2026-09-17T12:09:02.661415-04:00	2026-09-17T12:09:02.726513-04:00	2026-09-17T12:09:08.953873-04:00	0	6	2629
job-2606229337aa	001132	sub-7D-0/sub-7D-0_ses-20240928T165425_ecephys.nwb	aind+ephys	v1.2.4	1cbdbee	7940dfd	v0.3.43	8dc65720-245a-4cdb-83e7-c9dad8febf97	3638298341	successful	2026-09-17T12:09:10.471333-04:00	2026-09-17T12:09:10.487590-04:00	2026-09-17T12:09:16.018487-04:00	0	6	5847
job-2609117f8f42	001132	sub-7D-4/sub-7D-4_ses-20240928T165241_ecephys.nwb	aind+ephys	v1.2.4	1cbdbee	7940dfd	v0.3.49	361bdf5f-f7f5-4f7d-b102-281bc766a405	2389074831	successful	2026-09-16T12:42:17.310610-04:00	2026-09-16T12:42:17.797070-04:00	2026-09-16T12:42:30.701573-04:00	0	13	44237
job-26091163f602	001132	sub-8D-0/sub-8D-0_ses-20240928T165424_ecephys.nwb	aind+ephys	v1.2.4	1cbdbee	7940dfd	v0.3.46	f1176851-3628-4760-a42c-85d54386f6a9	3896003649	successful	2026-09-16T12:42:33.303043-04:00	2026-09-16T12:42:33.555482-04:00	2026-09-16T12:42:50.636993-04:00	0	17	15735
job-260927cce453	001132	sub-8D-0/sub-8D-0_ses-20240928T165424_ecephys.nwb	lfp	v0.9.6	2f6768c		v0.9.6	f1176851-3628-4760-a42c-85d54386f6a9	3896003649	stalled	2026-09-27T12:59:47.909687-04:00	2026-09-27T13:02:52.676403-04:00		185		
job-260911a2f96c	001132	sub-8D-1/sub-8D-1_ses-20240928T165423_ecephys.nwb	aind+ephys	v1.2.4	1cbdbee	7940dfd	v0.3.43	985bad23-821c-46b5-bf9a-e505c2aa2bd3	2666068384	successful	2026-09-16T12:42:54.377907-04:00	2026-09-16T12:42:55.324902-04:00	2026-09-16T12:43:10.365025-04:00	1	15	8963
job-2609114f0509	001132	sub-9E-3/sub-9E-3_ses-20240928T165423_ecephys.nwb	aind+ephys	v1.2.4	1cbdbee	7940dfd	v0.3.49	6d9f642b-8c42-43ca-83e1-119239bf7a88	2421673339	successful	2026-09-16T12:43:13.648925-04:00	2026-09-16T12:43:14.383102-04:00	2026-09-16T12:43:42.099884-04:00	1	28	2972
job-260911997aeb	001132	sub-9E-6/sub-9E-6_ses-20240928T165422_ecephys.nwb	aind+ephys	v1.2.4	1cbdbee	7940dfd	v0.3.49	460a5da6-44cf-41ae-84d8-b83d3157a23c	1971742023	successful	2026-09-16T12:43:50.636507-04:00	2026-09-16T12:43:53.294090-04:00	2026-09-16T12:45:20.133069-04:00	3	87	7065
job-260930c53cca	001177	sub-E5/sub-E5_ses-PPXopenField-E5-day1_ecephys.nwb	lfp	v0.9.8	2f6768c		v0.9.8	a8e2d1e2-e3e9-48be-9574-0f209a84c69c	38206224802	stalled	2026-09-29T22:49:45.252591-04:00	2026-09-29T23:01:39.652394-04:00		714		
job-260911e876e0	001177	sub-H0-2/sub-H0-2_ses-PPXopenField-H0-2-day4_ecephys.nwb	aind+ephys	v1.2.4	4e89ec7	7940dfd	v0.3.50	c0680eac-9048-4ec9-b703-01780b148204	36272426536	successful	2026-09-16T12:45:30.962910-04:00	2026-09-16T12:45:32.878368-04:00	2026-09-16T12:45:59.408235-04:00	2	27	1657
job-261001be24eb	001177	sub-H0-2/sub-H0-2_ses-PPXopenField-H0-2-day4_ecephys.nwb	aind+ephys	1.3.3	440c8c2	7092ab8	v0.9.8	c0680eac-9048-4ec9-b703-01780b148204	36272426536	failed	2026-09-30T22:55:03.736488-04:00	2026-10-01T05:16:49.762080-04:00	2026-10-01T06:03:24.412617-04:00	22906	2795	
job-2609112e89d8	001177	sub-H1-3/sub-H1-3_ses-PPXopenField-H1-3-day3_ecephys.nwb	aind+ephys	v1.2.4	1cbdbee	7940dfd	v0.3.49	8ae6e777-ddef-4c7a-98fb-eb90840afdf6	36154744903	successful	2026-09-16T12:46:09.549434-04:00	2026-09-16T12:46:11.306118-04:00	2026-09-16T12:46:36.644940-04:00	2	25	3989
job-260928fd2a03	001177	sub-K4/sub-K4_ses-PPXopenField-K4-day2-optoSession_ecephys.nwb	lfp	v0.9.7	2f6768c		v0.9.7	b13bd2f4-101b-43ac-a9fc-75b36efb903a	6997274279	stalled	2026-09-27T22:53:55.567409-04:00	2026-09-27T23:01:56.912412-04:00		481		
job-260927074f2d	001177	sub-P2/sub-P2_ses-PPXopenField-P2-day2_ecephys.nwb	aind+ephys	1.3.3	440c8c2	7299e70	v0.9.6	d91ff083-d1b4-4eed-bf35-2ffa54592acb	18287866401	successful	2026-09-27T12:59:11.637517-04:00	2026-09-27T13:11:17.247779-04:00	2026-09-27T14:00:16.788002-04:00	726	2940	3457
job-260928079986	001203	sub-Ast-NPX-03/sub-Ast-NPX-03_ses-Disc4-NPX3-NPX4-NPX5-g0-imec0_ecephys.nwb	lfp	v0.9.7	2f6768c		v0.9.7	114cd714-9748-4a47-b13e-e71864c38adf	111218305083	stalled	2026-09-28T01:32:41.759697-04:00	2026-09-28T01:41:31.567961-04:00		530		
job-261001656fa7	001203	sub-Ast-NPX-05/sub-Ast-NPX-05_ses-Disc4-NPX3-NPX4-NPX5-g0-imec2_ecephys.nwb	lfp	v0.9.8	2f6768c		v0.9.8	177fc3a1-4676-452e-84c2-631c2c670cf0	112916938438	stalled	2026-09-30T22:56:19.825364-04:00	2026-10-01T05:16:49.717857-04:00		22830		
job-260621ca4b1e	001250	sub-003-fitted/sub-003-fitted_ecephys.nwb	aind+ephys	v1.2.4	1cbdbee	7940dfd	v0.3.39	dece6568-cee4-4ade-80bf-c1166a03fe2a	16215369543	successful	2026-09-17T12:10:22.969708-04:00	2026-09-17T12:10:23.251223-04:00	2026-09-17T12:10:27.244040-04:00	0	4	1594
job-260621ca4b1e-2	001250	sub-003-fitted/sub-003-fitted_ecephys.nwb	aind+ephys	v1.2.4	1cbdbee	7940dfd	v0.3.39	dece6568-cee4-4ade-80bf-c1166a03fe2a	16215369543	successful	2026-09-17T12:10:28.496703-04:00	2026-09-17T12:10:28.509778-04:00	2026-09-17T12:10:31.929720-04:00	0	3	13304
job-260622ca4b1e	001250	sub-003-fitted/sub-003-fitted_ecephys.nwb	aind+ephys	v1.2.4	1cbdbee	7940dfd	v0.3.43	dece6568-cee4-4ade-80bf-c1166a03fe2a	16215369543	successful	2026-09-17T12:10:33.129625-04:00	2026-09-17T12:10:33.323279-04:00	2026-09-17T12:10:35.579696-04:00	0	2	3249
job-260623ca4b1e	001250	sub-003-fitted/sub-003-fitted_ecephys.nwb	aind+ephys	v1.2.4	1cbdbee	7940dfd	v0.3.43	dece6568-cee4-4ade-80bf-c1166a03fe2a	16215369543	successful	2026-09-17T12:10:36.349794-04:00	2026-09-17T12:10:36.742168-04:00	2026-09-17T12:10:38.793653-04:00	0	2	7953
job-260627ca4b1e	001250	sub-003-fitted/sub-003-fitted_ecephys.nwb	aind+ephys	v1.2.4	1cbdbee	7940dfd	v0.3.43	dece6568-cee4-4ade-80bf-c1166a03fe2a	16215369543	successful	2026-09-17T12:10:39.393012-04:00	2026-09-17T12:10:39.749849-04:00	2026-09-17T12:10:41.439831-04:00	0	2	6472
job-2609116d68b8	001250	sub-004-fitted/sub-004-fitted_ecephys.nwb	aind+ephys	v1.2.4	1cbdbee	7940dfd	v0.3.49	eef9e95c-fb5b-46d2-a24c-878d8170b5e0	11146882092	successful	2026-09-16T12:47:17.871140-04:00	2026-09-16T12:47:17.893160-04:00	2026-09-16T12:47:30.044879-04:00	0	12	4045
job-26091186dd86	001250	sub-mearec-synthetics-s2/sub-mearec-synthetics-s2_ecephys.nwb	aind+ephys	v1.2.2	1cbdbee	7940dfd	v0.3.28	8c9b4528-1130-450d-9b62-1ed8555d3359	29558355432	successful	2026-09-16T12:47:33.968234-04:00	2026-09-16T12:47:34.422628-04:00	2026-09-16T12:47:45.045740-04:00	0	11	15353
job-26091136bbe1	001250	sub-npx-evoked-sf-40Hz/sub-npx-evoked-sf-40Hz_ecephys.nwb	aind+ephys	v1.2.4	1cbdbee	7940dfd	v0.3.49	de63a6b9-3851-4a4e-a1a8-1efedfef566b	32525028076	successful	2026-09-16T12:47:46.937413-04:00	2026-09-16T12:47:46.987949-04:00	2026-09-16T12:47:52.061783-04:00	0	5	5243
job-260627522011	001250	sub-vivo-horvath-depth-3/sub-vivo-horvath-depth-3_ecephys.nwb	aind+ephys	v1.2.4	1cbdbee	7940dfd	v0.3.46	14a205ea-306f-47fd-97e8-284a6f00626b	13668661338	successful	2026-09-17T12:10:51.839974-04:00	2026-09-17T12:10:51.832963-04:00	2026-09-17T12:10:54.074843-04:00	0	2	8986
job-260627522011-2	001250	sub-vivo-horvath-depth-3/sub-vivo-horvath-depth-3_ecephys.nwb	aind+ephys	v1.2.4	1cbdbee	7940dfd	v0.3.46	14a205ea-306f-47fd-97e8-284a6f00626b	13668661338	successful	2026-09-17T12:10:55.391115-04:00	2026-09-17T12:10:55.249932-04:00	2026-09-17T12:10:57.618504-04:00	0	2	4389
job-260927db5bfa	001275	sub-mahler/sub-mahler_ses-03122021_ecephys.nwb	aind+ephys	1.3.3	440c8c2	7299e70	v0.9.6	872dac61-86c7-4a4c-8e28-cb3ad271ceed	198883798108	failed	2026-09-27T12:59:19.190859-04:00	2026-09-27T13:43:53.494945-04:00	2026-09-27T13:47:22.573691-04:00	2674	209	189
job-260929d4dd4b	001275	sub-mahler/sub-mahler_ses-03182021_ecephys.nwb	aind+ephys	1.3.3	440c8c2	7092ab8	v0.9.8	b10f747a-5303-48ad-9fe5-85b0be81adf1	287760193141	failed	2026-09-28T23:07:37.813904-04:00	2026-09-28T23:16:38.959595-04:00	2026-09-29T15:04:29.238097-04:00	541	56870	55970
job-260910d9926f	001275	sub-mahler/sub-mahler_ses-03192021_ecephys.nwb	aind+ephys	v1.3.2	4e89ec7	7940dfd	v0.3.54	014c466f-e6d4-4756-8fc3-737023fa38cb	274474539111	successful	2026-09-16T12:48:01.002271-04:00	2026-09-16T12:48:01.038803-04:00	2026-09-16T12:48:08.500424-04:00	0	7	5278
job-2610019ebb8e	001280	sub-arthur/sub-arthur_behavior+ecephys+image.nwb	lfp	v0.9.8	2f6768c		v0.9.8	c1f8817a-bc7c-4a2e-93f0-9ce461509343	208847411314	stalled	2026-09-30T22:56:28.750182-04:00	2026-10-01T05:17:33.635850-04:00		22865		
job-260621f5e850	001282	sub-C/sub-C_ses-20220121T133754_ecephys.nwb	aind+ephys	v1.2.4	1cbdbee	7940dfd	v0.3.39	dcc3e626-6ae1-44c6-a718-d6e96f056a34	29215221246	successful	2026-09-17T12:11:02.869871-04:00	2026-09-17T12:11:03.100069-04:00	2026-09-17T12:11:06.279954-04:00	0	3	5958
job-260623f5e850	001282	sub-C/sub-C_ses-20220121T133754_ecephys.nwb	aind+ephys	v1.2.4	1cbdbee	7940dfd	v0.3.43	dcc3e626-6ae1-44c6-a718-d6e96f056a34	29215221246	successful	2026-09-17T12:11:06.870226-04:00	2026-09-17T12:11:07.184680-04:00	2026-09-17T12:11:11.139934-04:00	0	4	44679
job-260628f5e850	001282	sub-C/sub-C_ses-20220121T133754_ecephys.nwb	aind+ephys	v1.2.4	1cbdbee	7940dfd	v0.3.46	dcc3e626-6ae1-44c6-a718-d6e96f056a34	29215221246	successful	2026-09-17T12:11:12.554319-04:00	2026-09-17T12:11:12.559969-04:00	2026-09-17T12:11:19.388076-04:00	0	7	43925
job-260704f5e850	001282	sub-C/sub-C_ses-20220121T133754_ecephys.nwb	aind+ephys	v1.2.4	1cbdbee	7940dfd	v0.3.46	dcc3e626-6ae1-44c6-a718-d6e96f056a34	29215221246	successful	2026-09-17T12:11:21.349995-04:00	2026-09-17T12:11:21.830093-04:00	2026-09-17T12:11:34.205534-04:00	0	12	
job-260704f5e850-2	001282	sub-C/sub-C_ses-20220121T133754_ecephys.nwb	aind+ephys	v1.2.4	1cbdbee	7940dfd	v0.3.46	dcc3e626-6ae1-44c6-a718-d6e96f056a34	29215221246	successful	2026-09-17T12:11:37.282739-04:00	2026-09-17T12:11:37.852876-04:00	2026-09-17T12:11:56.359202-04:00	1	19	6189
job-26091110ffc0	001282	sub-C/sub-C_ses-20220121T133754_ecephys.nwb	aind+ephys	v1.2.2	1cbdbee	7940dfd	v0.3.28	dcc3e626-6ae1-44c6-a718-d6e96f056a34	29215221246	successful	2026-09-16T12:48:10.914549-04:00	2026-09-16T12:48:10.849490-04:00	2026-09-16T12:48:22.747021-04:00	0	12	7967
job-2609119c5656	001282	sub-C/sub-C_ses-20220121T133754_ecephys.nwb	aind+ephys	v1.2.2	1cbdbee	0d4bf36	v0.3.27	dcc3e626-6ae1-44c6-a718-d6e96f056a34	29215221246	successful	2026-09-16T12:48:25.568079-04:00	2026-09-16T12:48:26.400882-04:00	2026-09-16T12:48:39.832233-04:00	1	13	6873
job-2606227c15a7	001282	sub-C/sub-C_ses-20220218T140109_ecephys.nwb	aind+ephys	v1.2.4	1cbdbee	7940dfd	v0.3.43	0b34330d-2c83-4f10-b294-9aabe6004bb9	29788831611	successful	2026-09-17T12:14:19.879316-04:00	2026-09-17T12:14:20.511820-04:00	2026-09-17T12:14:31.636680-04:00	1	11	8223
job-2607057c15a7	001282	sub-C/sub-C_ses-20220218T140109_ecephys.nwb	aind+ephys	v1.2.4	1cbdbee	7940dfd	v0.3.46	0b34330d-2c83-4f10-b294-9aabe6004bb9	29788831611	successful	2026-09-17T12:14:32.679469-04:00	2026-09-17T12:14:32.788366-04:00	2026-09-17T12:14:39.611745-04:00	0	7	6518
job-260930519ec9	001282	sub-C/sub-C_ses-20220218T140109_ecephys.nwb	lfp	v0.9.8	2f6768c		v0.9.8	0b34330d-2c83-4f10-b294-9aabe6004bb9	29788831611	stalled	2026-09-29T22:49:33.006505-04:00	2026-09-29T23:01:41.552795-04:00		729		
job-2609308087b0	001282	sub-C/sub-C_ses-20220218T140109_ecephys.nwb	aind+ephys	1.3.3	440c8c2	7092ab8	v0.9.8	0b34330d-2c83-4f10-b294-9aabe6004bb9	29788831611	successful	2026-09-29T22:48:49.754051-04:00	2026-09-29T23:18:08.791502-04:00	2026-09-30T04:13:40.470768-04:00	1759	17732	25255
job-260911e4be04	001374	sub-001/sub-001_ses-20250502_obj-22710iiiKH2iiid48iii06iii21iii2024iiidorsaliiipasca_ecephys.nwb	aind+ephys	v1.2.4	4e89ec7	7940dfd	v0.3.50	4a0d3111-7020-4163-bf78-0ecee551a6d3	2041565817	successful	2026-09-16T12:53:26.189678-04:00	2026-09-16T12:53:27.099484-04:00	2026-09-16T12:53:39.755621-04:00	1	13	1617
job-260911e5da4e	001374	sub-001/sub-001_ses-20250502_obj-22710iiiKH2iiid55iii06iii28iii2024iiidorsaliiipasca_ecephys.nwb	aind+ephys	v1.2.4	1cbdbee	7940dfd	v0.3.49	a574a6c2-382e-41d5-8ac0-5a213a46ed17	3445449699	successful	2026-09-16T12:53:42.221089-04:00	2026-09-16T12:53:42.622676-04:00	2026-09-16T12:53:55.379625-04:00	0	13	7863
job-2609111ed7e2	001374	sub-001/sub-001_ses-20250502_obj-23120iiiKH2iiid35iii5iii14iii2024iiidorsaliiipasca_ecephys.nwb	aind+ephys	v1.2.4	1cbdbee	7940dfd	v0.3.46	818026db-8170-41a4-9b32-74cd0bd3a7ef	4611743259	successful	2026-09-16T12:53:57.540694-04:00	2026-09-16T12:53:58.377710-04:00	2026-09-16T12:54:16.930441-04:00	1	19	2098
job-260911773bbd	001374	sub-001/sub-001_ses-20250502_obj-23120iiiKH2iiid38iii5iii17iii2024iiidorsaliiipasca_ecephys.nwb	aind+ephys	v1.2.4	1cbdbee	7940dfd	v0.3.46	a4c8cbd8-87ed-4a23-a64d-bfbfd3f6d3a9	4786593393	successful	2026-09-16T12:54:19.553552-04:00	2026-09-16T12:54:21.212286-04:00	2026-09-16T12:54:31.662084-04:00	2	10	935
job-26091161cecb	001374	sub-001/sub-001_ses-20250502_obj-23124iiiKH2iiid59iii07iii02iii2024iiidorsaliiipasca_ecephys.nwb	aind+ephys	v1.2.4	1cbdbee	7940dfd	v0.3.49	aef18d4e-3911-4e8b-9812-794c3b316f7d	4758341519	successful	2026-09-16T12:54:35.120431-04:00	2026-09-16T12:54:37.104656-04:00	2026-09-16T12:55:01.536999-04:00	2	24	7512
job-260911818041	001374	sub-001/sub-001_ses-20250502_obj-23137iiiKH2iiid55iii06iii28iii2024iiidorsaliiipasca_ecephys.nwb	aind+ephys	v1.2.4	1cbdbee	7940dfd	v0.3.49	414d88ec-6328-43c8-8219-6296a0894fc8	5659331099	successful	2026-09-16T12:55:04.149047-04:00	2026-09-16T12:55:04.849071-04:00	2026-09-16T12:55:28.899651-04:00	1	24	13304
job-260911d6af58	001374	sub-001/sub-001_ses-20250502_obj-23139iiiKH2iiid31iii5iii10iii2024iiidorsaliiipasca_ecephys.nwb	aind+ephys	v1.2.4	1cbdbee	7940dfd	v0.3.46	255c3763-d84b-4d5e-80d2-c54e20526798	4075650627	successful	2026-09-16T12:55:37.533721-04:00	2026-09-16T12:55:39.188879-04:00	2026-09-16T12:56:17.983509-04:00	2	39	1834
job-260911cd03c8	001374	sub-001/sub-001_ses-20250502_obj-23139iiiKH2iiid38iii5iii17iii2024iiidorsaliiipasca_ecephys.nwb	aind+ephys	v1.2.4	1cbdbee	7940dfd	v0.3.46	dbde662d-e1a2-4420-bd81-3d2cfad258fb	5945440830	successful	2026-09-16T12:56:27.048294-04:00	2026-09-16T12:56:28.367003-04:00	2026-09-16T12:56:44.788532-04:00	1	16	2428
job-260911e344e3	001374	sub-001/sub-001_ses-20250502_obj-23139iiiKH2iiid45iii5iii24iii2024iiidorsaliiipasca_ecephys.nwb	aind+ephys	v1.2.4	1cbdbee	7940dfd	v0.3.49	28b0d767-386f-4d6d-bbbe-5a07e4f92edb	6399178684	successful	2026-09-16T12:56:51.469104-04:00	2026-09-16T12:56:52.003574-04:00	2026-09-16T12:57:01.221723-04:00	1	9	6157
job-26091187fd17	001374	sub-001/sub-001_ses-20250502_obj-23150iiiE14iiid35iii5iii14iii2024iiidorsaliiipasca_ecephys.nwb	aind+ephys	v1.2.4	1cbdbee	7940dfd	v0.3.49	02509ae0-e003-4390-9ad5-bbc66f840a48	7988507089	successful	2026-09-16T12:57:04.816909-04:00	2026-09-16T12:57:05.317333-04:00	2026-09-16T12:57:14.980110-04:00	1	10	1047
job-2609119cc8d2	001374	sub-001/sub-001_ses-20250502_obj-23150iiiE14iiid55iii06iii28iii2024iiidorsaliiipasca_ecephys.nwb	aind+ephys	v1.2.4	1cbdbee	7940dfd	v0.3.49	2fcacad5-d0b7-4506-b6ca-b67fd3e26b46	5413984940	successful	2026-09-16T12:57:17.668954-04:00	2026-09-16T12:57:18.720266-04:00	2026-09-16T12:57:48.061489-04:00	1	29	1858
job-2609112d4237	001374	sub-001/sub-001_ses-20250502_obj-23154iiiE14iiiD28iii05iii07iii2024iiidorsaliiipasca_ecephys.nwb	aind+ephys	v1.2.4	1cbdbee	7940dfd	v0.3.39	d12d23f2-e214-40f0-9278-07457a8e82ac	8109715784	successful	2026-09-16T12:57:55.292835-04:00	2026-09-16T12:57:56.846348-04:00	2026-09-16T12:58:06.776830-04:00	2	10	10089
job-260911e454f6	001374	sub-001/sub-001_ses-20250502_obj-23178iiiC57BL6iiid49iii5iii28iii2024iiidorsaliiipasca_ecephys.nwb	aind+ephys	v1.2.4	1cbdbee	7940dfd	v0.3.46	a258282b-12aa-4a21-973f-3a97745943c6	4653051519	successful	2026-09-16T12:58:08.423780-04:00	2026-09-16T12:58:09.048391-04:00	2026-09-16T12:58:16.634925-04:00	1	8	2723
job-2609117c5758	001374	sub-001/sub-001_ses-20250502_obj-23178iiic57bl6iiid35iii5iii14iii2024iiidorsaliiipasca_ecephys.nwb	aind+ephys	v1.2.4	1cbdbee	7940dfd	v0.3.46	bf1045ae-7e99-426a-9af7-71755dacc841	4791567154	successful	2026-09-16T12:58:19.267529-04:00	2026-09-16T12:58:20.485279-04:00	2026-09-16T12:58:42.688375-04:00	1	22	2224
job-260911c24a63	001374	sub-001/sub-001_ses-20250502_obj-23178iiic57bl6iiid35iii5iii14iii2024iiidorsaliiipasca_ecephys.nwb	aind+ephys	v1.3.2	4e89ec7	7940dfd	v0.3.54	bf1045ae-7e99-426a-9af7-71755dacc841	4791567154	successful	2026-09-16T12:58:47.481536-04:00	2026-09-16T12:58:48.327310-04:00	2026-09-16T12:59:08.477862-04:00	1	20	818
job-260911a1e2a7	001374	sub-001/sub-001_ses-20250502_obj-23179iiiC57BL7iiid31iii5iii10iii2024iiidorsaliiipasca_ecephys.nwb	aind+ephys	v1.2.4	4e89ec7	7940dfd	v0.3.50	8f1a682c-917d-4828-834f-227aa06b3c6d	4997982564	successful	2026-09-16T12:59:18.756989-04:00	2026-09-16T12:59:20.470724-04:00	2026-09-16T12:59:32.618319-04:00	2	12	1434
job-261001f1b0d1	001374	sub-001/sub-001_ses-20250502_obj-23215iiic57bl6iiid35iii5iii14iii2024iiidorsaliiipasca_ecephys.nwb	lfp	v0.9.8	2f6768c		v0.9.8	7f34bcb5-89b6-4db8-a079-459c66d8ebb0	8396721173	stalled	2026-09-30T22:56:24.358181-04:00	2026-10-01T05:18:42.983335-04:00		22939		
job-26091105a114	001374	sub-001/sub-001_ses-20250502_obj-Traceiii20240619iii11iii52iii51iii22150aiiiday46iiiventraliiic57_ecephys.nwb	aind+ephys	v1.2.4	1cbdbee	7940dfd	v0.3.46	30ed54b2-8a8a-4436-85d7-4f78813e5b9b	8544921723	successful	2026-09-16T12:59:36.190793-04:00	2026-09-16T12:59:38.173721-04:00	2026-09-16T13:00:16.788491-04:00	2	39	4908
job-260911660db0	001374	sub-001/sub-001_ses-20250502_obj-Traceiii20240624iii11iii00iii36iii22097iiiday73iiidorsaliiikh2iiiBliiidopamineiiiinit_ecephys.nwb	aind+ephys	v1.2.4	1cbdbee	7940dfd	v0.3.43	f08949e6-71e7-4a79-9576-b3b07abaa569	10428320488	successful	2026-09-16T13:00:24.364623-04:00	2026-09-16T13:00:25.864670-04:00	2026-09-16T13:01:19.399965-04:00	2	54	4632
job-2606217f41bb	001374	sub-001/sub-001_ses-20250502_obj-Traceiii20240624iii11iii00iii36iii22097iiiday73iiidorsaliiikh2iiibliiigaba_ecephys.nwb	aind+ephys	v1.2.4	1cbdbee	7940dfd	v0.3.39	f341ba21-cc03-49e4-9776-a94e88df8adf	10707335742	successful	2026-09-17T12:16:28.859573-04:00	2026-09-17T12:16:29.494647-04:00	2026-09-17T12:16:47.124998-04:00	1	18	2629
job-2606217f41bb-2	001374	sub-001/sub-001_ses-20250502_obj-Traceiii20240624iii11iii00iii36iii22097iiiday73iiidorsaliiikh2iiibliiigaba_ecephys.nwb	aind+ephys	v1.2.4	1cbdbee	7940dfd	v0.3.39	f341ba21-cc03-49e4-9776-a94e88df8adf	10707335742	successful	2026-09-17T12:16:49.334242-04:00	2026-09-17T12:16:49.588137-04:00	2026-09-17T12:17:04.199913-04:00	0	15	3067
job-2607057f41bb	001374	sub-001/sub-001_ses-20250502_obj-Traceiii20240624iii11iii00iii36iii22097iiiday73iiidorsaliiikh2iiibliiigaba_ecephys.nwb	aind+ephys	v1.2.4	1cbdbee	7940dfd	v0.3.43	f341ba21-cc03-49e4-9776-a94e88df8adf	10707335742	successful	2026-09-17T12:17:07.553448-04:00	2026-09-17T12:17:07.700407-04:00	2026-09-17T12:17:24.140429-04:00	0	16	2927
job-2609119f2716	001374	sub-001/sub-001_ses-20250502_obj-Traceiii20240624iii11iii00iii36iii22097iiiday73iiidorsaliiikh2iiibliiigabaiiiinc_ecephys.nwb	aind+ephys	v1.2.4	1cbdbee	7940dfd	v0.3.46	dc3579d8-f4aa-40c1-9354-4651cad32411	10916094555	successful	2026-09-16T13:03:47.503170-04:00	2026-09-16T13:03:48.350933-04:00	2026-09-16T13:04:21.487305-04:00	1	33	2672
job-260911248c19	001374	sub-001/sub-001_ses-20250502_obj-Traceiii20240625iii10iii39iii42iii22097iiiday74iiidorsaliiiKH2iiiBaselineiiigabazine_ecephys.nwb	aind+ephys	v1.2.4	1cbdbee	7940dfd	v0.3.49	1a1dc653-1d21-45eb-b70a-5c01afa58c7b	10460013240	successful	2026-09-16T13:04:24.160909-04:00	2026-09-16T13:04:25.356361-04:00	2026-09-16T13:04:43.273379-04:00	1	18	5622
job-260911f52698	001374	sub-001/sub-001_ses-20250502_obj-Traceiii20240625iii10iii39iii42iii22097iiiday74iiidorsaliiiKH2iiiCCHiiiinc_ecephys.nwb	aind+ephys	v1.2.4	1cbdbee	7940dfd	v0.3.49	857156a5-689f-4188-8289-8400c80dcf78	10344206748	successful	2026-09-16T13:04:47.404077-04:00	2026-09-16T13:04:48.324836-04:00	2026-09-16T13:06:18.978655-04:00	1	91	37999
job-260911c0eafd	001374	sub-001/sub-001_ses-20250502_obj-Traceiii20240701iii11iii55iii53iii20264iii80iiidorsaliiikh2iiiGABAiiiinc_ecephys.nwb	aind+ephys	v1.2.4	1cbdbee	7940dfd	v0.3.49	d9920290-7d5d-4a09-96bb-9f6e6bb5cc01	10747845422	successful	2026-09-16T13:06:27.754015-04:00	2026-09-16T13:06:29.441326-04:00	2026-09-16T13:07:34.666356-04:00	2	65	7384
job-260911a884da	001374	sub-001/sub-001_ses-20250502_obj-Traceiii20240701iii15iii50iii14iii22717iii80iiiventraliiikh2iiibaselineiiiAPV_ecephys.nwb	aind+ephys	v1.2.4	1cbdbee	7940dfd	v0.3.49	acd3b98d-0864-446a-a1bb-b8b224c245ae	7655792275	successful	2026-09-16T13:07:44.886242-04:00	2026-09-16T13:07:46.850846-04:00	2026-09-16T13:08:11.056044-04:00	2	24	6020
job-260911491fb4	001428	sub-aged-mice/sub-aged-mice_ses-after_ecephys.nwb	aind+ephys	v1.2.2	1cbdbee	7940dfd	v0.3.28	92ecfb86-b844-4ab1-99c5-9e5e172f9a67	4300839936	successful	2026-09-16T13:08:18.212649-04:00	2026-09-16T13:08:19.768527-04:00	2026-09-16T13:12:07.294492-04:00	2	228	10303
job-260705f818d6	001428	sub-aged-mouse/sub-aged-mouse_ses-after_ecephys.nwb	aind+ephys	v1.2.4	1cbdbee	7940dfd	v0.3.46	59b4c4d1-a155-45e1-af1e-77c21d257b11	4274304086	successful	2026-09-17T12:19:40.868707-04:00	2026-09-17T12:19:40.854208-04:00	2026-09-17T12:20:11.381600-04:00	0	31	4060
job-260705f818d6-2	001428	sub-aged-mouse/sub-aged-mouse_ses-after_ecephys.nwb	aind+ephys	v1.2.4	1cbdbee	7940dfd	v0.3.46	59b4c4d1-a155-45e1-af1e-77c21d257b11	4274304086	successful	2026-09-17T12:20:14.913844-04:00	2026-09-17T12:20:15.544074-04:00	2026-09-17T12:20:50.909288-04:00	1	35	3975
job-260705f818d6-3	001428	sub-aged-mouse/sub-aged-mouse_ses-after_ecephys.nwb	aind+ephys	v1.2.4	1cbdbee	7940dfd	v0.3.46	59b4c4d1-a155-45e1-af1e-77c21d257b11	4274304086	successful	2026-09-17T12:20:52.394316-04:00	2026-09-17T12:20:52.674001-04:00	2026-09-17T12:21:30.065965-04:00	0	37	3465
job-260710f818d6	001428	sub-aged-mouse/sub-aged-mouse_ses-after_ecephys.nwb	aind+ephys	v1.2.4	1cbdbee	7940dfd	v0.3.49	59b4c4d1-a155-45e1-af1e-77c21d257b11	4274304086	successful	2026-09-17T12:21:31.444112-04:00	2026-09-17T12:21:32.009399-04:00	2026-09-17T12:22:07.191049-04:00	1	35	14790
job-260711f818d6	001428	sub-aged-mouse/sub-aged-mouse_ses-after_ecephys.nwb	aind+ephys	v1.2.4	1cbdbee	7940dfd	v0.3.49	59b4c4d1-a155-45e1-af1e-77c21d257b11	4274304086	successful	2026-09-17T12:22:09.239515-04:00	2026-09-17T12:22:09.231921-04:00	2026-09-17T12:22:46.995505-04:00	0	38	7166
job-26062109da2f	001428	sub-aged-mouse2/sub-aged-mouse2_ses-after_ecephys.nwb	aind+ephys	v1.2.4	1cbdbee	7940dfd	v0.3.39	16c23f1d-2296-47c6-8442-dd72a453dfcf	4468129160	successful	2026-09-17T12:23:15.523006-04:00	2026-09-17T12:23:15.503287-04:00	2026-09-17T12:23:43.909347-04:00	0	28	6769
job-26062109da2f-2	001428	sub-aged-mouse2/sub-aged-mouse2_ses-after_ecephys.nwb	aind+ephys	v1.2.4	1cbdbee	7940dfd	v0.3.39	16c23f1d-2296-47c6-8442-dd72a453dfcf	4468129160	successful	2026-09-17T12:23:47.170035-04:00	2026-09-17T12:23:47.812541-04:00	2026-09-17T12:24:22.669741-04:00	1	35	6084
job-26062209da2f	001428	sub-aged-mouse2/sub-aged-mouse2_ses-after_ecephys.nwb	aind+ephys	v1.2.4	1cbdbee	7940dfd	v0.3.43	16c23f1d-2296-47c6-8442-dd72a453dfcf	4468129160	successful	2026-09-17T12:24:23.706014-04:00	2026-09-17T12:24:23.721710-04:00	2026-09-17T12:24:57.173637-04:00	0	33	20576
job-26062309da2f	001428	sub-aged-mouse2/sub-aged-mouse2_ses-after_ecephys.nwb	aind+ephys	v1.2.4	1cbdbee	7940dfd	v0.3.43	16c23f1d-2296-47c6-8442-dd72a453dfcf	4468129160	successful	2026-09-17T12:24:58.537795-04:00	2026-09-17T12:24:59.388542-04:00	2026-09-17T12:25:32.492833-04:00	1	33	159267
job-26070509da2f	001428	sub-aged-mouse2/sub-aged-mouse2_ses-after_ecephys.nwb	aind+ephys	v1.2.4	1cbdbee	7940dfd	v0.3.43	16c23f1d-2296-47c6-8442-dd72a453dfcf	4468129160	successful	2026-09-17T12:25:34.116410-04:00	2026-09-17T12:25:34.534315-04:00	2026-09-17T12:26:08.679594-04:00	0	34	3526
job-26070509da2f-2	001428	sub-aged-mouse2/sub-aged-mouse2_ses-after_ecephys.nwb	aind+ephys	v1.2.4	1cbdbee	7940dfd	v0.3.43	16c23f1d-2296-47c6-8442-dd72a453dfcf	4468129160	successful	2026-09-17T12:26:10.298146-04:00	2026-09-17T12:26:10.547946-04:00	2026-09-17T12:26:44.412870-04:00	0	34	3619
job-26070509da2f-3	001428	sub-aged-mouse2/sub-aged-mouse2_ses-after_ecephys.nwb	aind+ephys	v1.2.4	1cbdbee	7940dfd	v0.3.46	16c23f1d-2296-47c6-8442-dd72a453dfcf	4468129160	successful	2026-09-17T12:26:45.612893-04:00	2026-09-17T12:26:45.718369-04:00	2026-09-17T12:27:20.578087-04:00	0	35	2895
job-26070509da2f-4	001428	sub-aged-mouse2/sub-aged-mouse2_ses-after_ecephys.nwb	aind+ephys	v1.2.4	1cbdbee	7940dfd	v0.3.46	16c23f1d-2296-47c6-8442-dd72a453dfcf	4468129160	successful	2026-09-17T12:27:22.418322-04:00	2026-09-17T12:27:22.482144-04:00	2026-09-17T12:27:57.586167-04:00	0	35	3080
job-26070509da2f-5	001428	sub-aged-mouse2/sub-aged-mouse2_ses-after_ecephys.nwb	aind+ephys	v1.2.4	1cbdbee	7940dfd	v0.3.46	16c23f1d-2296-47c6-8442-dd72a453dfcf	4468129160	successful	2026-09-17T12:27:58.972966-04:00	2026-09-17T12:27:59.268765-04:00	2026-09-17T12:28:32.488557-04:00	0	33	3495
job-26071709da2f	001428	sub-aged-mouse2/sub-aged-mouse2_ses-after_ecephys.nwb	aind+ephys	v1.2.4	1cbdbee	7940dfd	v0.3.49	16c23f1d-2296-47c6-8442-dd72a453dfcf	4468129160	successful	2026-09-17T12:28:34.136609-04:00	2026-09-17T12:28:34.678242-04:00	2026-09-17T12:29:10.364151-04:00	1	36	74901
job-260927c0b4f6	001428	sub-aged-mouse2/sub-aged-mouse2_ses-after_ecephys.nwb	lfp	v0.9.6	2f6768c		v0.9.6	16c23f1d-2296-47c6-8442-dd72a453dfcf	4468129160	stalled	2026-09-27T13:00:03.330648-04:00	2026-09-27T13:03:36.356286-04:00		213		
job-26092912bf64	001428	sub-aged-mouse2/sub-aged-mouse2_ses-after_ecephys.nwb	aind+ephys	1.3.3	440c8c2	7092ab8	v0.9.8	16c23f1d-2296-47c6-8442-dd72a453dfcf	4468129160	successful	2026-09-28T23:07:24.688518-04:00	2026-09-29T00:26:40.122614-04:00	2026-09-29T01:59:40.105924-04:00	4755	5580	18071
job-260611918f2f	001428	sub-aged-mouse2/sub-aged-mouse2_ses-before_ecephys.nwb	aind+ephys	v1.2.2	1cbdbee	7940dfd	v0.3.28	7e691d7b-48a7-43c3-a53d-52393a3e3ce6	4458784579	successful	2026-09-17T12:29:57.422861-04:00	2026-09-17T12:29:57.587624-04:00	2026-09-17T12:30:29.588693-04:00	0	32	11997
job-260612918f2f	001428	sub-aged-mouse2/sub-aged-mouse2_ses-before_ecephys.nwb	aind+ephys	v1.2.2	1cbdbee	7940dfd	v0.3.34	7e691d7b-48a7-43c3-a53d-52393a3e3ce6	4458784579	successful	2026-09-17T12:30:32.193275-04:00	2026-09-17T12:30:32.488848-04:00	2026-09-17T12:31:04.144001-04:00	0	32	6080
job-260613918f2f	001428	sub-aged-mouse2/sub-aged-mouse2_ses-before_ecephys.nwb	aind+ephys	v1.2.2	1cbdbee	7940dfd	v0.3.34	7e691d7b-48a7-43c3-a53d-52393a3e3ce6	4458784579	successful	2026-09-17T12:31:05.424043-04:00	2026-09-17T12:31:05.881245-04:00	2026-09-17T12:31:40.467338-04:00	0	35	9945
job-260911cd5f2a	001428	sub-aged-mouse2/sub-aged-mouse2_ses-before_ecephys.nwb	aind+ephys	v1.2.4	1cbdbee	7940dfd	v0.3.49	7e691d7b-48a7-43c3-a53d-52393a3e3ce6	4458784579	successful	2026-09-16T13:15:12.802489-04:00	2026-09-16T13:15:12.767940-04:00	2026-09-16T13:16:08.902010-04:00	0	56	6754
job-260710861608	001428	sub-aged-mouse3/sub-aged-mouse3_ses-before_ecephys.nwb	aind+ephys	v1.2.4	1cbdbee	7940dfd	v0.3.49	d839374b-4562-4ca0-bb4d-33ed9ac2b2cd	4261779648	successful	2026-09-17T12:32:02.683157-04:00	2026-09-17T12:32:03.329895-04:00	2026-09-17T12:32:33.843732-04:00	1	31	44699
job-260721861608	001428	sub-aged-mouse3/sub-aged-mouse3_ses-before_ecephys.nwb	aind+ephys	v1.2.4	1cbdbee	7940dfd	v0.3.49	d839374b-4562-4ca0-bb4d-33ed9ac2b2cd	4261779648	successful	2026-09-17T12:32:38.186377-04:00	2026-09-17T12:32:39.109397-04:00	2026-09-17T12:33:25.688728-04:00	1	47	55956
job-260727861608	001428	sub-aged-mouse3/sub-aged-mouse3_ses-before_ecephys.nwb	aind+ephys	v1.2.4	1cbdbee	7940dfd	v0.3.49	d839374b-4562-4ca0-bb4d-33ed9ac2b2cd	4261779648	successful	2026-09-17T12:33:27.135723-04:00	2026-09-17T12:33:27.310537-04:00	2026-09-17T12:34:07.516408-04:00	0	40	19206
job-260911bdff97	001435	sub-Lalo/sub-Lalo_ses-20230223_ecephys.nwb	aind+ephys	v1.2.4	1cbdbee	7940dfd	v0.3.46	211be8f3-fc45-4399-9f4c-fc039da0fe97	15960280897	successful	2026-09-16T13:17:26.727998-04:00	2026-09-16T13:17:26.672411-04:00	2026-09-16T13:17:34.950126-04:00	0	8	3462
job-260705e0b833	001435	sub-Lalo/sub-Lalo_ses-20230303_ecephys.nwb	aind+ephys	v1.2.4	1cbdbee	7940dfd	v0.3.43	d1d8c909-7b23-487e-8c00-176814244f2a	20713327443	successful	2026-09-17T12:34:31.176369-04:00	2026-09-17T12:34:31.229059-04:00	2026-09-17T12:34:35.424857-04:00	0	4	8084
job-260705e0b833-2	001435	sub-Lalo/sub-Lalo_ses-20230303_ecephys.nwb	aind+ephys	v1.2.4	1cbdbee	7940dfd	v0.3.46	d1d8c909-7b23-487e-8c00-176814244f2a	20713327443	successful	2026-09-17T12:34:36.398406-04:00	2026-09-17T12:34:36.447836-04:00	2026-09-17T12:34:42.736296-04:00	0	6	5049
job-260911b53b7c	001435	sub-Lalo/sub-Lalo_ses-20230315_ecephys.nwb	aind+ephys	v1.2.4	1cbdbee	7940dfd	v0.3.46	e4b51560-55e7-4e69-8203-0b48e616c03c	23290501145	successful	2026-09-16T13:17:51.015650-04:00	2026-09-16T13:17:51.987508-04:00	2026-09-16T13:18:03.414201-04:00	1	11	7999
job-26091135ae8c	001435	sub-Lalo/sub-Lalo_ses-20230317_ecephys.nwb	aind+ephys	v1.2.4	1cbdbee	7940dfd	v0.3.46	83ef9ef2-3c32-4cb1-a5a8-260f611e6bdb	18768875709	successful	2026-09-16T13:18:07.550135-04:00	2026-09-16T13:18:07.771411-04:00	2026-09-16T13:18:23.984434-04:00	0	16	4584
job-260911a48d9f	001435	sub-Offenbach/sub-Offenbach_ses-20221220_ecephys.nwb	aind+ephys	v1.2.2	1cbdbee	7940dfd	v0.3.28	9b1206d1-9093-403d-8ea8-929905598c39	15369549736	successful	2026-09-16T13:18:26.367909-04:00	2026-09-16T13:18:26.882648-04:00	2026-09-16T13:18:46.508977-04:00	1	20	5830
job-260911a9712e	001435	sub-Offenbach/sub-Offenbach_ses-20230113_ecephys.nwb	aind+ephys	v1.2.4	1cbdbee	7940dfd	v0.3.49	ea6e385d-1cba-41c1-a64f-b10094a399f5	24122743438	successful	2026-09-16T13:18:50.072098-04:00	2026-09-16T13:18:51.809660-04:00	2026-09-16T13:19:17.741503-04:00	2	26	7569
job-2609119b055f	001435	sub-Offenbach/sub-Offenbach_ses-20230117_ecephys.nwb	aind+ephys	v1.2.2	1cbdbee	7940dfd	v0.3.34	98b615c5-95b8-4cd9-9e6c-8bfc595e8e29	17440380813	successful	2026-09-16T13:19:20.219888-04:00	2026-09-16T13:19:20.416140-04:00	2026-09-16T13:19:38.493102-04:00	0	18	4352
job-260911751ef0	001435	sub-Offenbach/sub-Offenbach_ses-20230208_ecephys.nwb	aind+ephys	v1.2.4	4e89ec7	7940dfd	v0.3.50	2b44bcbc-f02f-4f28-a005-9f4929fa5682	17459962355	successful	2026-09-16T13:19:43.257030-04:00	2026-09-16T13:19:43.907408-04:00	2026-09-16T13:20:03.572063-04:00	1	20	6154
job-260911a11ef1	001435	sub-Offenbach/sub-Offenbach_ses-20230208_ecephys.nwb	aind+ephys	v1.2.4	1cbdbee	7940dfd	v0.3.49	2b44bcbc-f02f-4f28-a005-9f4929fa5682	17459962355	successful	2026-09-16T13:20:07.016836-04:00	2026-09-16T13:20:08.428994-04:00	2026-09-16T13:20:45.312541-04:00	1	37	7089
job-260911936a51	001435	sub-Offenbach/sub-Offenbach_ses-20230216_ecephys.nwb	aind+ephys	v1.2.4	1cbdbee	7940dfd	v0.3.46	3a8e1cb3-c280-405d-a5f8-39d7812cc899	15549851289	successful	2026-09-16T13:20:49.340809-04:00	2026-09-16T13:20:49.417913-04:00	2026-09-16T13:21:07.031124-04:00	0	18	3418
job-2609299ce6e8	001435	sub-Offenbach/sub-Offenbach_ses-20230221_ecephys.nwb	lfp	v0.9.8	2f6768c		v0.9.8	1f0e46c4-a3e0-40b5-bc2b-ba1d21b38f7e	44773994	stalled	2026-09-28T23:08:08.965759-04:00	2026-09-28T23:16:38.855782-04:00		510		
job-260622728478	001435	sub-Offenbach/sub-Offenbach_ses-20230223_ecephys.nwb	aind+ephys	v1.2.4	1cbdbee	7940dfd	v0.3.43	faeba512-97ff-47ea-9d60-5b3db1d81817	17827296417	successful	2026-09-17T12:35:12.345295-04:00	2026-09-17T12:35:12.296034-04:00	2026-09-17T12:35:16.993533-04:00	0	5	8376
job-260705728478	001435	sub-Offenbach/sub-Offenbach_ses-20230223_ecephys.nwb	aind+ephys	v1.2.4	1cbdbee	7940dfd	v0.3.43	faeba512-97ff-47ea-9d60-5b3db1d81817	17827296417	successful	2026-09-17T12:35:18.042879-04:00	2026-09-17T12:35:18.090362-04:00	2026-09-17T12:35:24.345342-04:00	0	6	5139
job-260705728478-2	001435	sub-Offenbach/sub-Offenbach_ses-20230223_ecephys.nwb	aind+ephys	v1.2.4	1cbdbee	7940dfd	v0.3.46	faeba512-97ff-47ea-9d60-5b3db1d81817	17827296417	successful	2026-09-17T12:35:26.189693-04:00	2026-09-17T12:35:26.179692-04:00	2026-09-17T12:35:35.814346-04:00	0	10	4544
job-260911dcf7d9	001435	sub-Offenbach/sub-Offenbach_ses-20230303_ecephys.nwb	aind+ephys	v1.2.4	1cbdbee	7940dfd	v0.3.46	aaa2c056-362a-45d2-87e8-316d75524765	23005625413	successful	2026-09-16T13:22:09.744873-04:00	2026-09-16T13:22:09.761912-04:00	2026-09-16T13:22:18.862351-04:00	0	9	7584
job-2609111508df	001435	sub-Offenbach/sub-Offenbach_ses-20230308_ecephys.nwb	aind+ephys	v1.2.2	1cbdbee	7940dfd	v0.3.28	e79d87cc-d4a6-4aa4-b167-c3dfbd588dcb	17350759632	successful	2026-09-16T13:22:20.979870-04:00	2026-09-16T13:22:20.947339-04:00	2026-09-16T13:22:30.252627-04:00	0	9	5142
job-260930eafec9	001435	sub-Offenbach/sub-Offenbach_ses-20230309_ecephys.nwb	lfp	v0.9.8	2f6768c		v0.9.8	802e4fc0-cf2e-43ff-9647-834db6abf526	20204697254	stalled	2026-09-29T22:49:28.896692-04:00	2026-09-29T23:02:27.452403-04:00		779		
job-2609115334e2	001435	sub-Offenbach/sub-Offenbach_ses-20230317_ecephys.nwb	aind+ephys	v1.2.2	1cbdbee	7940dfd	v0.3.34	e8d0235c-c581-414a-9f02-1f039af1f68e	20096263675	successful	2026-09-16T13:22:32.628005-04:00	2026-09-16T13:22:32.726115-04:00	2026-09-16T13:22:45.717355-04:00	0	13	5074
job-260927538b61	001469	sub-Chronic-Implant-1/sub-Chronic-Implant-1_obj-1cftnlq_ecephys.nwb	aind+ephys	1.3.3	440c8c2	ccc54dc	v0.9.7	b31c614a-62e5-4a55-b72a-734b2c748cd2	1124932120	successful	2026-09-27T15:49:39.623289-04:00	2026-09-27T16:23:50.881242-04:00	2026-09-27T17:48:36.534733-04:00	2051	5086	9593
job-2609112de72f	001469	sub-Chronic-Implant-1/sub-Chronic-Implant-1_obj-1mol3hx_ecephys.nwb	aind+ephys	v1.2.4	4e89ec7	7940dfd	v0.3.50	12b190cf-0b40-45fb-8aff-21f688d1175e	591268128	successful	2026-09-16T13:22:48.324157-04:00	2026-09-16T13:22:48.832751-04:00	2026-09-16T13:23:00.242895-04:00	1	11	979
job-260911be386f	001469	sub-Chronic-Implant-1/sub-Chronic-Implant-1_obj-1q8eyq3_ecephys.nwb	aind+ephys	v1.2.4	1cbdbee	7940dfd	v0.3.43	65f66026-9f00-4be9-81dd-422077d03631	415549728	successful	2026-09-16T13:23:03.866293-04:00	2026-09-16T13:23:05.191305-04:00	2026-09-16T13:23:18.405051-04:00	1	13	647
job-2609110e954d	001469	sub-Chronic-Implant-1/sub-Chronic-Implant-1_obj-1r591dv_ecephys.nwb	aind+ephys	v1.2.4	1cbdbee	7940dfd	v0.3.46	f22ef5fd-5efa-436b-adb4-905024accf16	464881952	successful	2026-09-16T13:23:22.766988-04:00	2026-09-16T13:23:23.599944-04:00	2026-09-16T13:23:34.339920-04:00	1	11	719
job-260911fadfd0	001469	sub-Chronic-Implant-1/sub-Chronic-Implant-1_obj-b1r1ax_ecephys.nwb	aind+ephys	v1.3.2	4e89ec7	7940dfd	v0.3.54	7b826dfb-3344-469b-8e76-316f04d99d71	517572896	successful	2026-09-16T13:23:37.058811-04:00	2026-09-16T13:23:37.558420-04:00	2026-09-16T13:23:45.177067-04:00	0	8	848
job-2607057cc016	001469	sub-Chronic-Implant-1/sub-Chronic-Implant-1_obj-tlzx25_ecephys.nwb	aind+ephys	v1.2.4	1cbdbee	7940dfd	v0.3.43	4f7ceb62-3d2b-4fcf-b354-228eea1353f0	807154456	successful	2026-09-17T12:36:17.277765-04:00	2026-09-17T12:36:18.295978-04:00	2026-09-17T12:36:20.053991-04:00	1	2	718
job-2607057cc016-2	001469	sub-Chronic-Implant-1/sub-Chronic-Implant-1_obj-tlzx25_ecephys.nwb	aind+ephys	v1.2.4	1cbdbee	7940dfd	v0.3.46	4f7ceb62-3d2b-4fcf-b354-228eea1353f0	807154456	successful	2026-09-17T12:36:20.854289-04:00	2026-09-17T12:36:20.863287-04:00	2026-09-17T12:36:22.881412-04:00	0	2	708
job-2609112ec8ba	001469	sub-Chronic-Implant-2/sub-Chronic-Implant-2_obj-15zduke_ecephys.nwb	aind+ephys	v1.2.4	1cbdbee	7940dfd	v0.3.49	c493fa5e-9a69-4165-9b1b-e258fae493c8	1482160426	successful	2026-09-16T13:23:55.254764-04:00	2026-09-16T13:23:55.236253-04:00	2026-09-16T13:23:59.358431-04:00	0	4	1954
job-260705ea31cc	001469	sub-Chronic-Implant-2/sub-Chronic-Implant-2_obj-1pfv28z_ecephys.nwb	aind+ephys	v1.2.4	1cbdbee	7940dfd	v0.3.46	0dae004a-a987-4fe5-a409-d1b9610cb8a3	1950226198	successful	2026-09-17T12:36:27.295385-04:00	2026-09-17T12:36:27.685144-04:00	2026-09-17T12:36:29.473170-04:00	0	2	813
job-260705ea31cc-2	001469	sub-Chronic-Implant-2/sub-Chronic-Implant-2_obj-1pfv28z_ecephys.nwb	aind+ephys	v1.2.4	1cbdbee	7940dfd	v0.3.46	0dae004a-a987-4fe5-a409-d1b9610cb8a3	1950226198	successful	2026-09-17T12:36:30.495021-04:00	2026-09-17T12:36:30.470235-04:00	2026-09-17T12:36:33.071482-04:00	0	3	824
job-2609113c58f5	001469	sub-Chronic-Implant-2/sub-Chronic-Implant-2_obj-elludz_ecephys.nwb	aind+ephys	v1.2.4	4e89ec7	7940dfd	v0.3.50	25034132-8c98-4a19-8bf9-5beb91cf16bd	3035328409	successful	2026-09-16T13:24:06.544800-04:00	2026-09-16T13:24:07.555125-04:00	2026-09-16T13:24:10.579701-04:00	1	3	997
job-260911efdab3	001469	sub-Chronic-Implant-2/sub-Chronic-Implant-2_obj-elludz_ecephys.nwb	aind+ephys	v1.2.4	1cbdbee	7940dfd	v0.3.49	25034132-8c98-4a19-8bf9-5beb91cf16bd	3035328409	successful	2026-09-16T13:24:11.879090-04:00	2026-09-16T13:24:11.817553-04:00	2026-09-16T13:24:16.044571-04:00	0	4	2168
job-26070522fbe8	001469	sub-Chronic-Implant-3/sub-Chronic-Implant-3_obj-lgfd80_ecephys.nwb	aind+ephys	v1.2.4	1cbdbee	7940dfd	v0.3.43	d93a7452-44ac-4a5f-80df-aab576e09076	4681818392	successful	2026-09-17T12:36:38.565669-04:00	2026-09-17T12:36:38.743989-04:00	2026-09-17T12:36:41.421207-04:00	0	3	864
job-26070522fbe8-2	001469	sub-Chronic-Implant-3/sub-Chronic-Implant-3_obj-lgfd80_ecephys.nwb	aind+ephys	v1.2.4	1cbdbee	7940dfd	v0.3.46	d93a7452-44ac-4a5f-80df-aab576e09076	4681818392	successful	2026-09-17T12:36:42.422015-04:00	2026-09-17T12:36:42.422015-04:00	2026-09-17T12:36:44.852635-04:00	0	2	842
job-2609114916b7	001469	sub-Chronic-Implant-4/sub-Chronic-Implant-4_obj-17kxpn4_ecephys.nwb	aind+ephys	v1.2.4	1cbdbee	7940dfd	v0.3.49	383d82c8-00e0-40b5-ba67-338e3a41757c	4843871864	successful	2026-09-16T13:24:21.920384-04:00	2026-09-16T13:24:23.167400-04:00	2026-09-16T13:24:26.162322-04:00	1	3	2294
job-260705b09c5b	001469	sub-Chronic-Implant-4/sub-Chronic-Implant-4_obj-1dx5ghc_ecephys.nwb	aind+ephys	v1.2.4	1cbdbee	7940dfd	v0.3.43	195b50fb-7272-4544-ae0a-14e3e712c800	1746817664	successful	2026-09-17T12:36:49.245671-04:00	2026-09-17T12:36:50.391989-04:00	2026-09-17T12:36:52.628417-04:00	1	2	852
job-260705b09c5b-2	001469	sub-Chronic-Implant-4/sub-Chronic-Implant-4_obj-1dx5ghc_ecephys.nwb	aind+ephys	v1.2.4	1cbdbee	7940dfd	v0.3.46	195b50fb-7272-4544-ae0a-14e3e712c800	1746817664	successful	2026-09-17T12:36:53.717470-04:00	2026-09-17T12:36:53.729484-04:00	2026-09-17T12:36:56.316937-04:00	0	3	628
job-26091154be65	001469	sub-Chronic-Implant-4/sub-Chronic-Implant-4_obj-kqlvuy_ecephys.nwb	aind+ephys	v1.2.4	1cbdbee	7940dfd	v0.3.49	1e19f300-9188-411d-bf8e-f63d406c08f0	2363528712	successful	2026-09-16T13:24:32.418247-04:00	2026-09-16T13:24:32.880066-04:00	2026-09-16T13:24:36.627981-04:00	0	4	2594
job-26091147ddeb	001469	sub-Chronic-Implant-5/sub-Chronic-Implant-5_obj-12srl3z_ecephys.nwb	aind+ephys	v1.2.4	1cbdbee	7940dfd	v0.3.46	c1707c41-62e4-4330-b6c1-af4b8ccf76b4	3475405472	successful	2026-09-16T13:24:38.028662-04:00	2026-09-16T13:24:38.129770-04:00	2026-09-16T13:24:42.030844-04:00	0	4	663
job-26091183fc6e	001470	sourcedata/sub-M537/ses-2025+04+10/sub-M537_ses-2025-04-10_ecephys.nwb	aind+ephys	1.2.4	1cbdbee	7940dfd	v0.3.46	c15b4e84-af4a-48f2-bb2d-5dac67b20e8c	167240203572	successful	2026-09-16T13:24:43.612696-04:00	2026-09-16T13:24:43.545079-04:00	2026-09-16T13:27:01.098889-04:00	0	138	156170
job-26070516c9af	001603	sub-HO2/sub-HO2_ses-20250924T011901_ecephys.nwb	aind+ephys	v1.2.4	1cbdbee	7940dfd	v0.3.43	12498b74-d1df-474c-9220-7e524c696404	2288455836	successful	2026-09-17T12:37:12.261660-04:00	2026-09-17T12:37:12.308871-04:00	2026-09-17T12:37:16.632768-04:00	0	4	1838
job-26070516c9af-2	001603	sub-HO2/sub-HO2_ses-20250924T011901_ecephys.nwb	aind+ephys	v1.2.4	1cbdbee	7940dfd	v0.3.43	12498b74-d1df-474c-9220-7e524c696404	2288455836	successful	2026-09-17T12:37:17.481864-04:00	2026-09-17T12:37:17.983950-04:00	2026-09-17T12:37:21.653568-04:00	1	4	1734
job-260929e5646a	001603	sub-HO2/sub-HO2_ses-20250924T011901_ecephys.nwb	lfp	v0.9.8	2f6768c		v0.9.8	12498b74-d1df-474c-9220-7e524c696404	2288455836	stalled	2026-09-28T23:08:16.666027-04:00	2026-09-28T23:16:38.846264-04:00		502		
job-26092760af1c	001603	sub-HO2/sub-HO2_ses-20250926T121250_ecephys.nwb	aind+ephys	1.3.3	440c8c2	ccc54dc	v0.9.7	7d234d0c-dfe5-4464-8fb2-5bd1a1698673	2188720285	failed	2026-09-27T15:49:43.124729-04:00	2026-09-27T17:51:20.947319-04:00	2026-09-27T18:02:26.975901-04:00	7298	666	866
job-2609108557ff	001603	sub-HO3/sub-HO3_ses-20250912T144835_obj-1hc8buj_ecephys.nwb	aind+ephys	v1.2.4	1cbdbee	7940dfd	v0.3.49	825c783c-14be-454b-b3f5-2e2cb6103a7c	2328294884	successful	2026-09-16T13:28:37.968906-04:00	2026-09-16T13:28:38.654259-04:00	2026-09-16T13:28:44.136936-04:00	1	5	2680
job-2609105b715d	001603	sub-HO3/sub-HO3_ses-20250926T121259_ecephys.nwb	aind+ephys	v1.2.4	1cbdbee	7940dfd	v0.3.49	f15d4018-16e0-473b-aa63-02a635458da8	2328294884	successful	2026-09-16T13:28:45.656378-04:00	2026-09-16T13:28:45.803064-04:00	2026-09-16T13:28:51.667995-04:00	0	6	2613
job-260911d7e5ed	001603	sub-M1S1/sub-M1S1_ses-20250924T011941_ecephys.nwb	aind+ephys	v1.2.4	1cbdbee	7940dfd	v0.3.49	fc5cdadd-67f9-464b-9932-c789ecc80882	4774730760	successful	2026-09-16T13:28:52.937014-04:00	2026-09-16T13:28:53.934591-04:00	2026-09-16T13:29:00.223546-04:00	1	6	4909
job-2606215c7b4d	001603	sub-M3S1/sub-M3S1_ses-20250924T012016_ecephys.nwb	aind+ephys	v1.2.4	1cbdbee	7940dfd	v0.3.39	0cf4683d-c205-483b-bd47-547e6066d804	13123405116	successful	2026-09-17T12:38:34.739383-04:00	2026-09-17T12:38:35.449480-04:00	2026-09-17T12:39:22.801281-04:00	1	47	3734
job-2606225c7b4d	001603	sub-M3S1/sub-M3S1_ses-20250924T012016_ecephys.nwb	aind+ephys	v1.2.4	1cbdbee	7940dfd	v0.3.43	0cf4683d-c205-483b-bd47-547e6066d804	13123405116	successful	2026-09-17T12:39:27.091343-04:00	2026-09-17T12:39:27.157461-04:00	2026-09-17T12:39:39.553680-04:00	0	12	12969
job-2607065c7b4d	001603	sub-M3S1/sub-M3S1_ses-20250924T012016_ecephys.nwb	aind+ephys	v1.2.4	1cbdbee	7940dfd	v0.3.46	0cf4683d-c205-483b-bd47-547e6066d804	13123405116	successful	2026-09-17T12:39:42.762824-04:00	2026-09-17T12:39:44.032492-04:00	2026-09-17T12:39:59.200457-04:00	1	15	4239
job-2610012fab6d	001603	sub-M3S1/sub-M3S1_ses-20250924T012016_ecephys.nwb	aind+ephys	1.3.3	440c8c2	7092ab8	v0.9.8	0cf4683d-c205-483b-bd47-547e6066d804	13123405116	stalled	2026-09-30T22:54:54.341794-04:00	2026-10-01T06:04:34.753523-04:00		25780		
job-260910f48185	001603	sub-MO10/sub-MO10_ses-20250924T011950_ecephys.nwb	aind+ephys	v1.2.4	1cbdbee	7940dfd	v0.3.49	60ab0635-8566-453e-b4ad-2bc3d1f2c260	7585781754	successful	2026-09-16T13:34:28.988381-04:00	2026-09-16T13:34:29.382647-04:00	2026-09-16T13:34:40.398841-04:00	0	11	2654
job-260621e74295	001603	sub-MO12/sub-MO12_ses-20250924T011948_ecephys.nwb	aind+ephys	v1.2.4	1cbdbee	7940dfd	v0.3.39	28ffe5c5-2176-4074-90d0-8c51e0d1e52a	6025227275	successful	2026-09-17T12:44:10.118500-04:00	2026-09-17T12:44:10.158787-04:00	2026-09-17T12:44:22.505439-04:00	0	12	2523
job-260706e74295	001603	sub-MO12/sub-MO12_ses-20250924T011948_ecephys.nwb	aind+ephys	v1.2.4	1cbdbee	7940dfd	v0.3.46	28ffe5c5-2176-4074-90d0-8c51e0d1e52a	6025227275	successful	2026-09-17T12:44:24.833114-04:00	2026-09-17T12:44:25.776392-04:00	2026-09-17T12:44:47.753284-04:00	1	22	3675
job-260910c29bf8	001603	sub-MO12/sub-MO12_ses-20250924T011952_ecephys.nwb	aind+ephys	v1.2.4	1cbdbee	7940dfd	v0.3.49	de2c7841-73ad-45aa-a11c-56875fcb1e3d	6036142206	successful	2026-09-16T13:35:54.604704-04:00	2026-09-16T13:35:54.772336-04:00	2026-09-16T13:36:07.251280-04:00	0	12	2397
job-2609102f334e	001603	sub-MO12/sub-MO12_ses-20250924T012141_ecephys.nwb	aind+ephys	v1.2.4	1cbdbee	7940dfd	v0.3.49	171d031e-5c9d-478e-a969-ba003a36e6cd	6243309930	successful	2026-09-16T13:36:10.476381-04:00	2026-09-16T13:36:10.715554-04:00	2026-09-16T13:36:23.331876-04:00	0	13	35750
job-260910a6f333	001603	sub-MO3/sub-MO3_ses-20250924T012158_ecephys.nwb	aind+ephys	v1.2.4	1cbdbee	7940dfd	v0.3.46	f99f8359-be82-4380-a242-43a05fdb5b2b	7886333088	successful	2026-09-16T13:36:26.269657-04:00	2026-09-16T13:36:26.630917-04:00	2026-09-16T13:36:35.954965-04:00	0	9	2169
job-260911c41600	001603	sub-MO5/sub-MO5_ses-20250924T011912_ecephys.nwb	aind+ephys	v1.2.4	1cbdbee	7940dfd	v0.3.49	556d4c0e-2ecd-4770-a315-e561a05c4fab	4767937148	successful	2026-09-16T13:36:39.105420-04:00	2026-09-16T13:36:41.054321-04:00	2026-09-16T13:37:07.169160-04:00	2	26	3159
job-2609102acf86	001603	sub-MO7/sub-MO7_ses-20250924T011919_ecephys.nwb	aind+ephys	v1.2.4	1cbdbee	7940dfd	v0.3.46	de660e42-f6f9-47c0-b7ce-fbfc14e5a2d5	8726989291	successful	2026-09-16T13:37:15.744961-04:00	2026-09-16T13:37:17.677248-04:00	2026-09-16T13:39:19.377402-04:00	2	122	4414
job-26092910a5f8	001640	sub-Albert/Albert2021-09-30_21-13-12.nwb	lfp	v0.9.8	2f6768c		v0.9.8	dbc0d4da-eb66-4d5b-a8c6-5f5648b238d6	1927185500	stalled	2026-09-28T23:08:20.276439-04:00	2026-09-28T23:16:59.427319-04:00		519		
job-260927c0ace8	001678	sub-2023-08-01/sub-2023-08-01_ses-20230801T123418_ecephys.nwb	lfp	v0.9.7	2f6768c		v0.9.7	5b9ce762-3aa9-4782-9680-e32d79bc3f11	4140057427	stalled	2026-09-27T15:49:57.783219-04:00	2026-09-27T16:02:33.532254-04:00		756		
job-261001cbcc15	001687	sub-Ephys127/sub-Ephys127_ses-20250324-sp-session-1_ecephys.nwb	aind+ephys	1.3.3	440c8c2	7092ab8	v0.9.8	2e3a4ea6-f5d0-4bc5-a564-aa35f7415553	3632428807	pending	2026-09-30T22:54:59.472208-04:00					
job-260928b94739	001687	sub-Ephys22/sub-Ephys22_ses-20221212-sp-session-2_ecephys.nwb	lfp	v0.9.7	2f6768c		v0.9.7	35672f75-dbf8-48dc-a00b-01337110f2b0	6054101488	stalled	2026-09-28T00:00:51.555490-04:00	2026-09-28T00:05:06.939236-04:00		255		
job-26092806f1bd	001688	sub-Godzilla/sub-Godzilla_ses-20221116-5-godzilla-speed10-incline00_behavior+ecephys.nwb	lfp	v0.9.7	2f6768c		v0.9.7	19ffa0fc-6c21-4769-9e71-44aab5fbc500	80033448	stalled	2026-09-28T01:32:37.229799-04:00	2026-09-28T01:41:32.276526-04:00		535		
job-2609300c1847	001699	sub-H3001/sub-H3001_ses-200201_behavior+ecephys.nwb	lfp	v0.9.8	2f6768c		v0.9.8	1a9faf10-3afb-4b1a-93b5-1a01600a024e	12148811818	stalled	2026-09-29T22:49:41.296990-04:00	2026-09-29T23:02:25.507675-04:00		764		
job-26092985542c	001699	sub-H3001/sub-H3001_ses-200202_behavior+ecephys.nwb	lfp	v0.9.8	2f6768c		v0.9.8	049761b4-6a88-42dc-98a0-5a8be7ba6bd9	12059202522	stalled	2026-09-28T23:08:12.732112-04:00	2026-09-28T23:16:59.427272-04:00		527		
job-261001c03f08	001699	sub-H3001/sub-H3001_ses-200202_behavior+ecephys.nwb	aind+ephys	1.3.3	440c8c2	7092ab8	v0.9.8	049761b4-6a88-42dc-98a0-5a8be7ba6bd9	12059202522	pending	2026-09-30T22:55:07.712431-04:00					
job-2609113d05b0	001747	sub-chip19894/sub-chip19894_ses-recording015_ecephys.nwb	aind+ephys	v1.2.4	1cbdbee	7940dfd	v0.3.46	df3bd5fe-015a-4945-bc41-15df0c9eb9d9	9891554987	successful	2026-09-16T13:39:33.520837-04:00	2026-09-16T13:39:36.518072-04:00	2026-09-16T13:40:47.627339-04:00	3	71	3105
job-260911cc00cb	001747	sub-chip19894/sub-chip19894_ses-recording020_ecephys.nwb	aind+ephys	v1.2.4	1cbdbee	7940dfd	v0.3.49	7fde7763-a01b-421a-9fba-e4a07adbc6b3	8239663281	successful	2026-09-16T13:40:56.551111-04:00	2026-09-16T13:40:58.958659-04:00	2026-09-16T13:41:51.405215-04:00	2	52	17329
job-2609117d3424	001747	sub-chip19894/sub-chip19894_ses-recording023_ecephys.nwb	aind+ephys	v1.2.4	1cbdbee	7940dfd	v0.3.46	ddc313c8-1fe8-4b53-a737-37a8b5f9bdc2	10577806094	successful	2026-09-16T13:41:59.733389-04:00	2026-09-16T13:42:01.249954-04:00	2026-09-16T13:43:27.833126-04:00	2	87	4414
job-260911e7ebf2	001747	sub-chip19894/sub-chip19894_ses-recording064_ecephys.nwb	aind+ephys	v1.2.4	1cbdbee	7940dfd	v0.3.46	0e690f88-e0ce-4ba8-a40b-cb5daf518310	10551878642	successful	2026-09-16T13:43:38.458652-04:00	2026-09-16T13:43:40.637904-04:00	2026-09-16T13:46:56.969426-04:00	2	196	3679
job-260911cf4f22	001747	sub-chip19894/sub-chip19894_ses-recording066_ecephys.nwb	aind+ephys	v1.2.4	1cbdbee	7940dfd	v0.3.49	2010dd83-8936-4f49-b0cf-345dc9e63ca1	10557468887	successful	2026-09-16T13:47:02.144779-04:00	2026-09-16T13:47:02.167324-04:00	2026-09-16T13:47:24.211333-04:00	0	22	2314
job-260911ff78ae	001747	sub-chip19894/sub-chip19894_ses-recording069_ecephys.nwb	aind+ephys	v1.2.4	4e89ec7	7940dfd	v0.3.50	8e81bd08-f33c-46b2-80f3-266a97184883	9416690141	successful	2026-09-16T13:47:29.228140-04:00	2026-09-16T13:47:30.345614-04:00	2026-09-16T13:47:47.536106-04:00	1	17	1148
job-260911827430	001747	sub-chip19894/sub-chip19894_ses-recording075_ecephys.nwb	aind+ephys	v1.2.4	1cbdbee	7940dfd	v0.3.43	51028809-15b0-4a6a-aae3-e0a6b2284beb	10936401444	successful	2026-09-16T13:47:52.738821-04:00	2026-09-16T13:47:54.927048-04:00	2026-09-16T13:48:33.135021-04:00	2	38	3649
job-2609119e7195	001747	sub-chip19894/sub-chip19894_ses-recording089_ecephys.nwb	aind+ephys	v1.2.4	1cbdbee	7940dfd	v0.3.43	5e65268c-635a-4732-83c3-c1f96d8b9a8d	10242693206	successful	2026-09-16T13:48:43.486418-04:00	2026-09-16T13:48:45.641894-04:00	2026-09-16T13:51:16.750312-04:00	2	151	3739
job-2609116603ad	001747	sub-chip19894/sub-chip19894_ses-recording095_ecephys.nwb	aind+ephys	v1.2.4	1cbdbee	7940dfd	v0.3.49	a5b7bd21-0b93-4fa3-a725-6e2c1557708a	10109226316	successful	2026-09-16T13:51:30.048679-04:00	2026-09-16T13:51:33.020625-04:00	2026-09-16T13:52:42.495727-04:00	3	69	3589
job-2609114e286a	001747	sub-chip19894/sub-chip19894_ses-recording100_ecephys.nwb	aind+ephys	v1.2.4	1cbdbee	7940dfd	v0.3.46	23f44ad3-03b9-46d3-9119-e134f5439554	10562795477	successful	2026-09-16T13:52:56.247597-04:00	2026-09-16T13:52:59.046370-04:00	2026-09-16T13:55:49.395389-04:00	3	170	3484
job-260930e31c39	001747	sub-chip19894/sub-chip19894_ses-recording100_ecephys.nwb	aind+ephys	1.3.3	440c8c2	7092ab8	v0.9.8	23f44ad3-03b9-46d3-9119-e134f5439554	10562795477	successful	2026-09-29T22:48:45.924265-04:00	2026-09-30T02:05:05.315518-04:00	2026-09-30T02:49:43.123277-04:00	11779	2678	3180
job-2609119746a4	001747	sub-chip19894/sub-chip19894_ses-recording107_ecephys.nwb	aind+ephys	v1.2.4	1cbdbee	7940dfd	v0.3.49	796d77d6-9604-4725-b293-55d2365af3c9	10138129331	successful	2026-09-16T13:55:59.695956-04:00	2026-09-16T13:56:02.951583-04:00	2026-09-16T13:56:45.160523-04:00	3	42	3768
job-26091191af84	001747	sub-chip19894/sub-chip19894_ses-recording109_ecephys.nwb	aind+ephys	v1.2.4	1cbdbee	7940dfd	v0.3.43	c6623595-157f-4333-8b52-af77e4bfd8fb	10006234109	successful	2026-09-16T13:56:59.868558-04:00	2026-09-16T13:57:02.957750-04:00	2026-09-16T13:58:11.256754-04:00	3	68	8729
job-260911dfc130	001747	sub-chip19894/sub-chip19894_ses-recording116_ecephys.nwb	aind+ephys	v1.2.4	1cbdbee	7940dfd	v0.3.49	53677fb3-85a6-49f3-b524-2fbf3c785f21	10666205821	successful	2026-09-16T13:58:19.922030-04:00	2026-09-16T13:58:21.490362-04:00	2026-09-16T14:01:31.135874-04:00	2	190	2924
job-2609291807bf	001747	sub-chip19894/sub-chip19894_ses-recording126_ecephys.nwb	aind+ephys	1.3.3	440c8c2	7092ab8	v0.9.8	00ea1d30-0248-46f0-951c-c4d98bfb38a2	9897506991	successful	2026-09-28T23:07:33.084475-04:00	2026-09-29T00:26:40.110639-04:00	2026-09-29T01:28:37.064863-04:00	4747	3717	4440
job-260911c94d2e	001747	sub-chip19894/sub-chip19894_ses-recording127_ecephys.nwb	aind+ephys	v1.2.4	1cbdbee	7940dfd	v0.3.49	10c3388a-20bc-4c45-a792-3c19baa7583b	9838086177	successful	2026-09-16T14:01:46.242515-04:00	2026-09-16T14:01:48.836993-04:00	2026-09-16T14:02:37.592569-04:00	3	49	2578
job-2609118e50c7	001747	sub-chip19894/sub-chip19894_ses-recording128_ecephys.nwb	aind+ephys	v1.2.4	1cbdbee	7940dfd	v0.3.46	5262bc19-4f56-4375-8f55-8232b02443ec	9772121053	successful	2026-09-16T14:02:53.184336-04:00	2026-09-16T14:02:56.145032-04:00	2026-09-16T14:05:35.798663-04:00	3	160	3291
job-260706eca98d	001747	sub-chip19894/sub-chip19894_ses-recording133_ecephys.nwb	aind+ephys	v1.2.4	1cbdbee	7940dfd	v0.3.43	e4f9cd62-7104-48b9-9638-f663454cd9db	9444622165	successful	2026-09-17T12:47:40.628658-04:00	2026-09-17T12:47:40.768811-04:00	2026-09-17T12:47:48.459523-04:00	0	8	3080
job-260706eca98d-2	001747	sub-chip19894/sub-chip19894_ses-recording133_ecephys.nwb	aind+ephys	v1.2.4	1cbdbee	7940dfd	v0.3.43	e4f9cd62-7104-48b9-9638-f663454cd9db	9444622165	successful	2026-09-17T12:47:49.691480-04:00	2026-09-17T12:47:49.582800-04:00	2026-09-17T12:47:56.580506-04:00	0	7	11939
job-26091182b42d	001747	sub-chip19894/sub-chip19894_ses-recording134_ecephys.nwb	aind+ephys	v1.2.4	1cbdbee	7940dfd	v0.3.39	ce6d533c-beaa-47ae-b11e-5714a2044c60	9328927481	successful	2026-09-16T14:06:45.867013-04:00	2026-09-16T14:06:47.802662-04:00	2026-09-16T14:08:19.372655-04:00	2	92	2674
job-2609114e8a23	001747	sub-chip19894/sub-chip19894_ses-recording137_ecephys.nwb	aind+ephys	v1.2.4	1cbdbee	7940dfd	v0.3.39	4de8da0f-b733-414c-8d70-31bcd8fc0b0b	8703701278	successful	2026-09-16T14:08:22.762119-04:00	2026-09-16T14:08:22.786144-04:00	2026-09-16T14:08:44.142156-04:00	0	21	3712
job-260911bbc708	001747	sub-chip19894/sub-chip19894_ses-recording147_ecephys.nwb	aind+ephys	v1.2.4	1cbdbee	7940dfd	v0.3.39	26b79b88-53f9-4da0-9c8e-3f38790c14a8	10061925176	successful	2026-09-16T14:08:49.931374-04:00	2026-09-16T14:08:50.264353-04:00	2026-09-16T14:09:10.643643-04:00	0	20	2281
job-260927ce173e	001747	sub-chip19894/sub-chip19894_ses-recording151_ecephys.nwb	aind+ephys	1.3.3	440c8c2	ccc54dc	v0.9.7	fdc32b7d-448b-4e8b-9af1-b4208952c39f	9638052611	successful	2026-09-27T15:49:29.387726-04:00	2026-09-27T18:03:11.175782-04:00	2026-09-27T18:44:49.821310-04:00	8022	2499	2741
job-2609113a7a87	001747	sub-chip19894/sub-chip19894_ses-recording159_ecephys.nwb	aind+ephys	v1.2.4	1cbdbee	7940dfd	v0.3.49	71da8ee0-3ec2-49b9-84eb-f5daa9743f0a	8284428863	successful	2026-09-16T14:09:13.482499-04:00	2026-09-16T14:09:14.602002-04:00	2026-09-16T14:09:37.760565-04:00	1	23	3909
job-2607173e465e	001765	sourcedata/sub-NP02/ecephys/sub-NP02_ecephys.nwb	aind+ephys	v1.2.4	1cbdbee	7940dfd	v0.3.49	c1f5bf6d-9ff8-4fc4-803d-e13571311622	113998372576	successful	2026-09-17T12:49:44.292180-04:00	2026-09-17T12:49:44.667001-04:00	2026-09-17T12:49:49.504358-04:00	0	5	2998
job-2607253e465e	001765	sourcedata/sub-NP02/ecephys/sub-NP02_ecephys.nwb	aind+ephys	v1.2.4	1cbdbee	7940dfd	v0.3.49	c1f5bf6d-9ff8-4fc4-803d-e13571311622	113998372576	successful	2026-09-17T12:49:51.246879-04:00	2026-09-17T12:49:51.196000-04:00	2026-09-17T12:49:54.464625-04:00	0	3	11505
job-260929da914b	001765	sourcedata/sub-NP05/ecephys/sub-NP05_ecephys.nwb	aind+ephys	1.3.3	440c8c2	7092ab8	v0.9.8	8309f022-81a4-44c9-9a5c-fbb9bf976c40	137700529256	failed	2026-09-28T23:07:29.231353-04:00	2026-09-29T01:33:38.631602-04:00	2026-09-29T01:35:11.569413-04:00	8769	93	64
job-2609117db352	001765	sourcedata/sub-NP06/ecephys/sub-NP06_ecephys.nwb	aind+ephys	v1.2.4	1cbdbee	7940dfd	v0.3.49	4ed2c639-aeb0-4f48-a497-e282cd243c1f	101093548611	successful	2026-09-16T14:10:30.779213-04:00	2026-09-16T14:10:32.583819-04:00	2026-09-16T14:10:52.228238-04:00	2	20	3084
job-26093098fb93	001788	sub-BRO4/sub-BRO4_ses-251027-BRO4-day1_ecephys.nwb	lfp	v0.9.8	2f6768c		v0.9.8	17248d33-e3b6-4a4f-92ab-815cb69f1282	10995683078	stalled	2026-09-29T22:49:37.348536-04:00	2026-09-29T23:02:47.244014-04:00		790		
job-26092798e7e5	001827	sub-240530/sub-240530_ses-7_ecephys.nwb	lfp	v0.9.6	2f6768c		v0.9.6	33aa75af-3c5d-4460-a342-d32d1d0f83a5	16674695	stalled	2026-09-27T12:59:58.511886-04:00	2026-09-27T13:03:19.700758-04:00		201		
job-260928b54add	001836	sub-klein/sub-klein_ses-klein-20231104_behavior+ecephys+image.nwb	lfp	v0.9.7	2f6768c		v0.9.7	029d6050-dc13-418b-97a3-bbfbd958e998	376998933637	stalled	2026-09-28T01:32:55.076368-04:00	2026-09-28T01:42:13.574403-04:00		558		
job-260911b9d4dd	001849	sourcedata/aind-sample.nwb	aind+ephys	v1.2.2	1cbdbee	0d4bf36	v0.3.22	048d1ee9-83b7-491f-8f02-1ca615b1d455	580204232	successful	2026-09-16T14:11:00.000510-04:00	2026-09-16T14:11:01.975252-04:00	2026-09-16T14:11:47.256062-04:00	2	45	2078
job-260911e54476	001849	sourcedata/aind-sample.nwb	aind+ephys	v1.2.4	1cbdbee	7940dfd	v0.3.36	048d1ee9-83b7-491f-8f02-1ca615b1d455	580204232	successful	2026-09-16T14:11:51.522680-04:00	2026-09-16T14:11:51.752353-04:00	2026-09-16T14:12:28.316400-04:00	0	37	1963
job-260928153273	001850	sub-hCO-MEA-Fluidpocket-3/sub-hCO-MEA-Fluidpocket-3_ses-20260216T154348_ecephys+ophys.nwb	lfp	v0.9.7	2f6768c		v0.9.7	6dabfd0b-86ad-41c4-9859-f683ae120996	756568807	stalled	2026-09-28T00:00:54.936662-04:00	2026-09-28T00:05:06.556612-04:00		252		
job-261001520561	001885	sub-Injectable/sub-Injectable_ses-waveguide2_ecephys.nwb	lfp	v0.9.8	2f6768c		v0.9.8	9ea37248-c217-4c30-9cc1-3644c9b8a869	217606	stalled	2026-09-30T22:56:15.504416-04:00	2026-10-01T05:18:02.025745-04:00		22907		
job-26092826289f	001942	sub-Senor/sub-Senor_ses-senor-20201105_behavior+ecephys+image.nwb	lfp	v0.9.7	2f6768c		v0.9.7	01c61a89-fa1a-46a2-864f-9ba1caddd290	629067877234	stalled	2026-09-28T00:00:58.329276-04:00	2026-09-28T00:05:52.653332-04:00		294		
job-2609296b0610	001942	sub-chimi/sub-chimi_ses-chimi-20200214_behavior+ecephys+image.nwb	lfp	v0.9.8	2f6768c		v0.9.8	1055fe42-75f4-48ec-a4b5-8f503b449579	300851451687	stalled	2026-09-28T23:08:24.401871-04:00	2026-09-28T23:17:35.042165-04:00		551		
job-260927b322f1	001951	sub-test1/sub-test1_ses-1-1_ecephys.nwb	lfp	v0.9.6	2f6768c		v0.9.6	06d8c67a-9191-475a-aaa9-c3f4a17e19c5	20186322	stalled	2026-09-27T12:59:55.169790-04:00	2026-09-27T13:03:58.551577-04:00		243		
job-2609280d16c8	001955	sub-chronic-DAT-2598-H8/sub-chronic-DAT-2598-H8_ses-2024-04-10-14-25-50_ecephys.nwb	lfp	v0.9.7	2f6768c		v0.9.7	1754c04b-393e-4c1f-8fdf-8468edf0d471	2852772928	stalled	2026-09-27T22:54:10.946518-04:00	2026-09-27T23:01:57.521513-04:00		467		
job-260928f0fc42	001961	sub-rat71/sub-rat71_ses-2026-07-29T18-32-25McsRecording_ecephys.nwb	lfp	v0.9.7	2f6768c		v0.9.7	1499459c-7455-4b72-8fa0-11e210b7c569	1360332413	stalled	2026-09-27T22:54:07.422792-04:00	2026-09-27T23:02:43.187387-04:00		516		
